-- MariaDB dump 10.17  Distrib 10.4.15-MariaDB, for Linux (x86_64)
--
-- Host: mysql.hostinger.ro    Database: u574849695_24
-- ------------------------------------------------------
-- Server version	10.4.15-MariaDB-cll-lve

/*!40101 SET @OLD_CHARACTER_SET_CLIENT=@@CHARACTER_SET_CLIENT */;
/*!40101 SET @OLD_CHARACTER_SET_RESULTS=@@CHARACTER_SET_RESULTS */;
/*!40101 SET @OLD_COLLATION_CONNECTION=@@COLLATION_CONNECTION */;
/*!40101 SET NAMES utf8mb4 */;
/*!40103 SET @OLD_TIME_ZONE=@@TIME_ZONE */;
/*!40103 SET TIME_ZONE='+00:00' */;
/*!40014 SET @OLD_UNIQUE_CHECKS=@@UNIQUE_CHECKS, UNIQUE_CHECKS=0 */;
/*!40014 SET @OLD_FOREIGN_KEY_CHECKS=@@FOREIGN_KEY_CHECKS, FOREIGN_KEY_CHECKS=0 */;
/*!40101 SET @OLD_SQL_MODE=@@SQL_MODE, SQL_MODE='NO_AUTO_VALUE_ON_ZERO' */;
/*!40111 SET @OLD_SQL_NOTES=@@SQL_NOTES, SQL_NOTES=0 */;

--
-- Table structure for table `communities`
--

DROP TABLE IF EXISTS `communities`;
/*!40101 SET @saved_cs_client     = @@character_set_client */;
/*!40101 SET character_set_client = utf8 */;
CREATE TABLE `communities` (
  `id` bigint(20) unsigned NOT NULL AUTO_INCREMENT,
  `name` varchar(255) COLLATE utf8mb4_unicode_ci DEFAULT NULL,
  `admin_user_id` bigint(20) unsigned NOT NULL,
  UNIQUE KEY `id` (`id`),
  KEY `name` (`name`),
  KEY `admin_user_id` (`admin_user_id`),
  CONSTRAINT `communities_ibfk_1` FOREIGN KEY (`admin_user_id`) REFERENCES `users` (`id`)
) ENGINE=InnoDB AUTO_INCREMENT=101 DEFAULT CHARSET=utf8mb4 COLLATE=utf8mb4_unicode_ci;
/*!40101 SET character_set_client = @saved_cs_client */;

--
-- Dumping data for table `communities`
--

LOCK TABLES `communities` WRITE;
/*!40000 ALTER TABLE `communities` DISABLE KEYS */;
INSERT INTO `communities` VALUES (1,'Consequatur minima quibusdam non nesciunt accusantium voluptas eveniet reprehenderit quae dolorem omnis omnis et magni dolores delectus sed necessitatibus quia qui consequuntur culpa incidunt quo eligendi.',1),(2,'Et ut assumenda eaque qui amet repellat voluptatem et in dolorem aut officiis.',2),(3,'Aut quibusdam laborum et ducimus tempore id temporibus in ad asperiores harum sed doloremque assumenda omnis suscipit dolore quia nulla fugit voluptas sed error est esse sit.',3),(4,'Illum excepturi vel sequi similique dicta ut beatae occaecati sed fuga tempora ipsa mollitia harum exercitationem officiis expedita eos veritatis et nisi maxime rerum ea et ea.',4),(5,'Praesentium voluptatem odit et animi placeat reiciendis aspernatur error itaque necessitatibus reprehenderit sed qui quis vitae sint minus numquam saepe optio minima suscipit mollitia ipsa dolor reprehenderit dicta omnis.',5),(6,'Ipsa et explicabo repellat molestias et placeat quo temporibus id neque error provident enim voluptatem atque ex alias voluptatem et necessitatibus.',6),(7,'Architecto beatae quidem non dolorem ab non necessitatibus sit voluptate et omnis sunt.',7),(8,'Quibusdam voluptatum velit sequi eos officia omnis quos sit quasi perferendis quisquam possimus et.',8),(9,'Quia praesentium ipsum aliquam aliquid dicta minus voluptatibus sed voluptatum dignissimos non quo eum iste rerum vel odit aut ea aut quas.',9),(10,'Aut iure qui asperiores eum impedit quisquam numquam possimus sed in enim laboriosam maxime libero voluptatum quibusdam nemo voluptatem magnam laborum mollitia.',10),(11,'Porro ea quam delectus sit quia est rerum placeat voluptas et rerum quas ut cumque sit quia possimus maiores.',11),(12,'Maiores in qui sint eum rerum deleniti suscipit rem ut dicta et nisi nobis aliquam.',12),(13,'Vel quos incidunt eum nostrum cumque ipsam fugit fuga placeat excepturi asperiores laudantium repudiandae autem numquam sequi totam.',13),(14,'Ea occaecati vero tempora fuga sint sapiente voluptas quibusdam molestiae dolor veritatis vel nam similique a corporis qui.',14),(15,'Sed non officiis vel adipisci minima facilis temporibus optio accusamus velit ab omnis mollitia quas rem rerum eum repellat nam quae saepe tenetur et.',15),(16,'Debitis eos rerum quas commodi sit rerum adipisci perspiciatis voluptatibus molestiae repellendus architecto quidem vero.',16),(17,'Consectetur doloribus odit at at tempore deserunt est dolor ut tenetur soluta aut et delectus quisquam ratione cumque quia esse quibusdam doloribus ut.',17),(18,'Atque porro molestias aperiam sequi delectus voluptas minus ipsam commodi ipsa doloremque optio possimus laboriosam hic itaque blanditiis sint vel et eaque nihil aut quam nam ut.',18),(19,'Quaerat officiis facilis quibusdam et alias alias exercitationem atque aliquid ut quae consequuntur et et est et rerum tempore.',19),(20,'Autem aut molestiae odio et officiis sint molestias voluptate vitae voluptatem laborum quidem saepe sunt est et.',20),(21,'Aliquam ut in nulla repudiandae adipisci nulla ea ullam nemo enim illum iste laudantium sequi voluptatem sed enim incidunt aut sit.',21),(22,'Perspiciatis aliquid unde voluptatem sed consequuntur asperiores iusto qui debitis velit rem ipsa nulla consectetur similique.',22),(23,'Et suscipit distinctio ullam aut sit iste qui tenetur voluptas iste a non cumque.',23),(24,'Et perspiciatis dignissimos ut est praesentium qui qui labore praesentium nihil quis earum nobis voluptatem cum officia ratione blanditiis error impedit.',24),(25,'Consectetur recusandae qui rem reprehenderit consequuntur cumque sapiente laudantium voluptatem quia quia voluptatem eius inventore.',25),(26,'Molestiae libero assumenda autem explicabo quas perferendis nemo qui et cum ut dolores quia totam tempore quod ex optio occaecati soluta voluptates aut eligendi facere omnis quia.',26),(27,'Deserunt maiores voluptas quia sit qui esse magnam quo ut harum nostrum quo cupiditate nostrum nobis delectus quia autem voluptas earum placeat.',27),(28,'Voluptatum temporibus cum illum placeat error saepe voluptatibus tenetur sapiente architecto distinctio tempora.',28),(29,'Facilis autem neque temporibus nostrum unde dolorem numquam sit unde non perferendis nam numquam praesentium cupiditate repudiandae sed omnis qui rerum voluptatibus.',29),(30,'Omnis id quisquam placeat est eius delectus dolore veniam repellat omnis sint quas.',30),(31,'Inventore itaque est nihil blanditiis voluptatum incidunt iste totam sunt sunt optio in saepe.',31),(32,'Esse aut eum esse fugit itaque exercitationem error odio optio sapiente porro velit in iusto odio non maxime id quis et commodi.',32),(33,'Nihil debitis explicabo fuga aut hic consectetur non delectus sunt ullam vitae soluta.',33),(34,'Distinctio est enim reiciendis ea veniam eum exercitationem et quibusdam quis et quaerat in sed maxime quam provident.',34),(35,'Earum optio quo eum quod incidunt et dolorum quia ut maiores dolor ut autem.',35),(36,'Rerum blanditiis et deleniti voluptatem quo eum ut ut sint aut beatae vel delectus similique dolores qui voluptatem soluta omnis non consequatur laudantium libero eos ratione ipsam.',36),(37,'Voluptas et debitis laboriosam quod alias reiciendis accusamus assumenda velit aspernatur sequi sit quia qui adipisci aut illum laboriosam aut perferendis adipisci et tenetur ut deserunt sunt.',37),(38,'Nihil quaerat architecto fugiat eos quaerat omnis sunt ut sint enim amet fuga perferendis quasi mollitia velit earum similique maxime non rem ipsam reprehenderit et.',38),(39,'Similique et earum aut veniam eius voluptate ipsa molestias iure in explicabo a sed odit.',39),(40,'Molestias est tempore architecto est itaque quia et non et quidem est temporibus repellendus adipisci non excepturi cupiditate perspiciatis illo eos dolorum tenetur dolore qui deleniti aperiam.',40),(41,'Porro iste similique voluptas quis officia velit architecto voluptas est laborum officiis amet et ratione numquam.',41),(42,'Dolores facere iure aspernatur sed quam repellendus eaque perspiciatis similique rerum sed qui quo sint porro doloribus voluptas qui possimus omnis eius ut est deserunt facilis.',42),(43,'Atque quis laborum nobis voluptas aut pariatur ut est molestiae ipsa officia nihil quia vero repellendus.',43),(44,'Velit qui dolorem saepe aut in assumenda voluptas voluptatem id quisquam error totam fugit molestias ipsam.',44),(45,'Nemo possimus veniam vitae impedit non praesentium deleniti est molestias provident sint unde voluptatem sit temporibus voluptate non.',45),(46,'Iste quos quia voluptatem beatae eligendi doloribus voluptas nesciunt nostrum at quo laborum veniam.',46),(47,'Eligendi est maiores qui ducimus adipisci reiciendis magni repellat rerum beatae eveniet ducimus labore in enim debitis aut quia aliquid voluptatum impedit vitae.',47),(48,'Cumque dolores pariatur voluptas minus iusto sit neque possimus accusamus beatae impedit cupiditate rerum necessitatibus.',48),(49,'Rerum veritatis provident dolor inventore dolore nihil mollitia laudantium qui in necessitatibus ipsum ad sed voluptatem ut aut enim autem quod rerum.',49),(50,'Provident non ullam voluptatem minus suscipit voluptate quaerat repudiandae eum excepturi minus aliquam consequuntur earum dicta iusto vitae quia expedita sed eaque animi.',50),(51,'Non dolor atque ut reiciendis omnis fuga aliquid tempora dolores est id delectus.',51),(52,'Cum debitis assumenda aut at omnis est quo ea vel voluptatum doloremque nemo.',52),(53,'Hic qui et aliquam laudantium sit veniam earum recusandae corrupti laborum sint quasi odit qui doloremque dolores.',53),(54,'Doloremque magni architecto at quis maiores enim error minima magni eos expedita officiis labore eos nam molestias reprehenderit.',54),(55,'Non in voluptatem tenetur consequatur consequatur voluptas aut in eligendi aliquam aperiam nisi occaecati voluptatibus eum officiis exercitationem.',55),(56,'Rerum consequatur soluta et vel esse et laudantium est atque veniam nulla vitae culpa voluptates quae natus consequatur sit exercitationem porro nesciunt et culpa facilis earum.',56),(57,'Aliquid magnam aliquid consequatur fugit omnis qui ut nemo possimus ut quis ab eos nisi et modi.',57),(58,'Enim cum expedita in itaque ullam enim ut voluptas et consequatur occaecati voluptas ad aut accusamus laboriosam et hic quo accusantium debitis nulla sit illum.',58),(59,'Quisquam quo omnis et enim natus perferendis voluptatum suscipit natus distinctio non velit provident qui blanditiis culpa quos magni.',59),(60,'Ad eveniet error tenetur quod voluptatem eveniet magni dolorum perferendis vel harum provident.',60),(61,'Iusto ut nesciunt temporibus earum excepturi voluptas quae repellat possimus facilis quos aut assumenda eum necessitatibus molestiae suscipit iure quidem id ut libero.',61),(62,'Facere fuga aut non aut voluptatem quia eos qui enim dolor et nostrum dolor quo modi et id.',62),(63,'Nihil consectetur illum deserunt nostrum ut et libero soluta cupiditate architecto debitis ut.',63),(64,'Omnis natus quam eos sequi repellat a vel quia est omnis reprehenderit dicta est deserunt voluptate aperiam.',64),(65,'Quia magni non fugiat ullam sint quasi voluptates quod ut odit totam iure vel quia nobis tempora in quia quo.',65),(66,'Sed ut voluptatum qui quibusdam corporis numquam voluptatum ducimus eos ea vel et et minus voluptas sed labore totam molestias sapiente accusamus ut ut.',66),(67,'Quia odit deleniti est quia dolores debitis placeat velit qui ex et aut consequatur eos vitae et eligendi dolorem.',67),(68,'Et quidem eius dolores sequi fugit blanditiis et labore aut eum non sit voluptas dolor laboriosam alias ut vitae perspiciatis.',68),(69,'Est voluptas asperiores ab assumenda accusamus blanditiis quo pariatur in quia nisi aut laboriosam neque earum harum est minus.',69),(70,'Autem nihil autem delectus sunt rem cupiditate dicta nihil tenetur placeat asperiores est placeat error.',70),(71,'Nulla id ut hic fugit vero dolores excepturi quo nisi vitae exercitationem sed in nemo sint earum quasi.',71),(72,'Nihil voluptatem porro ut ea et commodi sunt excepturi sit quod in rem inventore fugit fuga necessitatibus quas accusantium molestiae sunt.',72),(73,'Voluptatem pariatur quia recusandae aliquid eum velit harum sit eius earum sed minus sit dolores aut dolorem.',73),(74,'Aut dolorem illo non error blanditiis in voluptatibus laborum placeat cupiditate nisi laborum non.',74),(75,'Vel ea est minus perspiciatis odio repellendus et sit voluptatem blanditiis ipsam suscipit aut beatae perferendis sequi magni in.',75),(76,'Vel voluptatem enim deserunt et rerum ipsa magni velit sit eaque ipsum amet nulla voluptates accusantium omnis beatae odio commodi harum asperiores omnis ipsam.',76),(77,'Corrupti id porro consectetur omnis est ullam corrupti voluptatem modi nemo est laborum earum consectetur distinctio doloremque tenetur autem optio et distinctio placeat nulla adipisci quia.',77),(78,'Vel aut consequuntur libero qui sint laboriosam error rerum dolorum porro consequatur reiciendis quod qui ab.',78),(79,'Voluptatem dolor corporis nobis magni eum qui aut architecto officia vitae libero ea ut modi placeat animi ipsam.',79),(80,'Qui ipsa eveniet cumque eaque voluptate animi quam eligendi molestiae fugit eius sit quaerat incidunt ipsum illo maxime qui molestiae eos maiores nisi nihil autem nesciunt.',80),(81,'Architecto qui aut et enim aspernatur itaque minima ut qui sunt ullam nemo dolorum error cupiditate.',81),(82,'Consequatur ab rerum reiciendis provident ut dolores vel deserunt et nisi reprehenderit ut maiores laborum aut reprehenderit facilis harum.',82),(83,'Voluptatibus maiores doloremque perspiciatis esse rerum qui omnis nostrum et a assumenda corporis animi.',83),(84,'Ea rerum voluptatem nesciunt est autem eligendi et velit aspernatur est beatae ut temporibus voluptas officia et ut praesentium totam aliquid.',84),(85,'Veniam qui atque est neque non laboriosam voluptatem quia quia vel est ab in assumenda dicta possimus dolor eum eum est ut velit aperiam.',85),(86,'Similique rem et porro aut in voluptate atque delectus commodi quasi perferendis enim.',86),(87,'Temporibus sed similique sunt molestiae sint id alias molestias accusamus et magni soluta inventore veritatis eum eos expedita quo in.',87),(88,'Repellendus rem accusantium esse inventore aperiam non dolore vitae hic qui placeat nemo.',88),(89,'Dolores beatae laudantium itaque tempore suscipit tempora odio enim dolor numquam eius fuga qui soluta quo sequi impedit sapiente odio modi impedit ut magnam suscipit.',89),(90,'Aut voluptates consequatur officiis vel doloremque autem asperiores quis ea illum aut est et et quos consequuntur laboriosam nobis alias ut aut in eum voluptatem provident soluta sed.',90),(91,'Accusamus amet ut quia odit quisquam ea quibusdam quam quibusdam quisquam doloremque accusamus accusamus ipsum dolor nemo non distinctio nemo voluptatibus.',91),(92,'Officia suscipit iure omnis voluptas facere reprehenderit fugiat odit reiciendis rerum quae architecto nesciunt voluptatem accusantium et impedit quas voluptatem.',92),(93,'Qui corporis consequatur dignissimos quis est et temporibus dolore et quia earum autem nihil corrupti aliquid vel.',93),(94,'Cum officiis aperiam natus est dignissimos error laboriosam adipisci voluptatem doloremque doloremque natus nam officia.',94),(95,'Ut aut nostrum nihil labore sed at similique quidem voluptatem aut nobis ut nihil est.',95),(96,'Ratione est et eos laudantium ut laudantium nisi et qui aut ducimus et accusamus aliquam voluptates ut officia exercitationem qui inventore veniam fuga.',96),(97,'Ea minima culpa blanditiis officia repellat qui et in vero sit adipisci mollitia vel exercitationem laudantium consequatur veritatis id sequi inventore atque.',97),(98,'Quo odit enim aut velit repellat animi qui voluptatem qui quas sunt ipsum voluptatem a qui.',98),(99,'Quod et illo debitis itaque illo eius soluta ut iusto in repudiandae possimus quas doloremque laborum a voluptas omnis eius et illo ipsa quis quibusdam.',99),(100,'Vel eaque repellendus dolorum provident officiis non possimus animi qui dolorum deleniti natus veritatis ut et praesentium voluptas deleniti temporibus tempore.',100);
/*!40000 ALTER TABLE `communities` ENABLE KEYS */;
UNLOCK TABLES;

--
-- Table structure for table `friend_requests`
--

DROP TABLE IF EXISTS `friend_requests`;
/*!40101 SET @saved_cs_client     = @@character_set_client */;
/*!40101 SET character_set_client = utf8 */;
CREATE TABLE `friend_requests` (
  `initiator_user_id` bigint(20) unsigned NOT NULL,
  `target_user_id` bigint(20) unsigned NOT NULL,
  `status` enum('requested','approved','declined','unfriended') COLLATE utf8mb4_unicode_ci DEFAULT NULL,
  `create_at` datetime DEFAULT current_timestamp(),
  `updated_at` datetime DEFAULT NULL ON UPDATE current_timestamp(),
  PRIMARY KEY (`initiator_user_id`,`target_user_id`),
  KEY `target_user_id` (`target_user_id`),
  CONSTRAINT `friend_requests_ibfk_1` FOREIGN KEY (`initiator_user_id`) REFERENCES `users` (`id`),
  CONSTRAINT `friend_requests_ibfk_2` FOREIGN KEY (`target_user_id`) REFERENCES `users` (`id`),
  CONSTRAINT `CONSTRAINT_1` CHECK (`initiator_user_id` <> `target_user_id`)
) ENGINE=InnoDB DEFAULT CHARSET=utf8mb4 COLLATE=utf8mb4_unicode_ci;
/*!40101 SET character_set_client = @saved_cs_client */;

--
-- Dumping data for table `friend_requests`
--

LOCK TABLES `friend_requests` WRITE;
/*!40000 ALTER TABLE `friend_requests` DISABLE KEYS */;
INSERT INTO `friend_requests` VALUES (1,12,'approved','1975-07-31 13:30:40','1977-06-12 11:08:56'),(2,77,'requested','2020-06-07 11:53:15','2014-04-22 19:41:58'),(4,62,'declined','2003-11-28 04:52:44','2022-02-01 16:53:09'),(5,83,'declined','1985-04-18 17:20:50','2007-03-31 18:02:47'),(6,50,'requested','1982-10-04 15:56:50','1991-09-10 15:39:37'),(7,84,'approved','2018-02-20 10:48:06','1998-06-04 21:14:44'),(8,22,'declined','2006-12-09 15:39:47','1984-07-30 16:18:47'),(9,93,'declined','2019-11-27 14:43:53','2019-07-15 18:36:59'),(10,45,'declined','2028-06-10 22:06:37','1974-01-01 17:22:12'),(11,21,'approved','2022-10-19 14:57:32','2019-02-23 07:57:47'),(12,11,'unfriended','1997-11-13 11:16:03','1999-05-12 06:39:10'),(13,43,'declined','1993-02-25 05:39:55','2018-08-31 07:08:41'),(14,31,'approved','1987-04-19 18:38:27','2002-12-06 19:37:46'),(15,35,'unfriended','2016-03-25 01:19:01','2003-07-19 12:53:04'),(16,61,'requested','1987-06-12 06:58:35','2006-10-15 13:09:01'),(17,74,'unfriended','2014-01-29 01:39:23','1994-11-25 12:05:35'),(18,4,'requested','2003-01-16 08:36:28','2002-12-11 02:14:14'),(19,95,'declined','1978-01-02 09:05:23','1992-11-21 18:07:11'),(20,89,'requested','2015-03-19 11:56:51','2012-09-24 16:13:08'),(21,24,'approved','1991-06-17 22:32:41','1997-05-09 02:14:40'),(22,38,'requested','2010-10-19 23:42:20','2005-03-12 07:12:07'),(23,13,'approved','1998-08-18 11:11:46','2028-05-13 13:10:34'),(24,60,'requested','2007-06-14 23:34:35','2007-02-10 01:44:05'),(25,36,'declined','2002-08-07 18:19:21','1999-05-20 02:29:31'),(26,5,'approved','2022-10-25 10:24:19','2022-01-27 18:32:18'),(27,16,'approved','1983-10-17 21:22:26','1970-03-21 05:22:34'),(28,6,'approved','1997-07-21 14:49:00','2016-03-07 18:00:36'),(29,67,'unfriended','1979-06-12 16:02:58','1988-08-30 05:57:24'),(30,40,'declined','1998-06-15 13:35:21','1982-06-29 07:13:35'),(31,7,'requested','2015-03-30 04:41:31','1987-12-30 19:31:33'),(32,25,'unfriended','1976-06-05 15:29:46','1979-12-15 13:11:19'),(33,55,'approved','1991-11-17 09:59:54','2010-09-27 05:35:33'),(34,71,'declined','2005-04-13 18:27:02','1987-09-29 08:34:56'),(35,33,'requested','2028-04-13 05:15:32','1999-07-07 09:48:35'),(36,1,'approved','1990-05-24 22:13:56','1994-10-04 03:04:03'),(37,27,'requested','1995-12-08 02:22:31','1999-07-02 00:01:13'),(38,32,'requested','1997-09-12 15:09:50','1997-11-14 18:37:59'),(39,96,'declined','1999-02-24 07:57:03','1994-10-25 10:57:18'),(40,19,'unfriended','1973-07-09 20:55:45','1993-10-14 05:39:25'),(41,63,'declined','1995-02-27 20:45:24','2010-10-05 23:18:37'),(42,9,'approved','2008-01-22 03:21:02','1977-05-22 11:31:37'),(43,69,'unfriended','1989-02-23 07:57:19','2006-01-29 17:19:37'),(44,34,'requested','2009-10-28 03:23:05','2018-09-13 12:00:18'),(45,29,'approved','1986-03-04 15:53:56','1983-07-06 09:39:40'),(46,18,'declined','1980-12-06 05:17:26','1975-05-03 06:31:09'),(47,75,'declined','1998-07-01 23:46:48','1982-06-29 23:17:54'),(48,94,'approved','1995-11-05 14:11:04','2015-06-08 14:12:01'),(49,79,'approved','1991-11-03 01:40:53','2010-05-04 21:27:42'),(50,26,'unfriended','1972-03-22 13:47:28','1986-12-16 06:12:35'),(51,78,'unfriended','1991-09-21 05:53:06','2022-04-19 12:53:53'),(52,73,'declined','1979-08-19 13:32:37','1998-05-31 01:56:55'),(53,14,'unfriended','1972-12-22 06:18:53','2009-09-07 01:28:01'),(54,10,'declined','1985-08-15 11:13:20','2016-01-20 17:05:33'),(55,88,'approved','1986-09-23 10:50:20','2010-05-14 16:30:30'),(56,99,'unfriended','2008-02-18 21:00:18','2000-05-01 05:54:24'),(57,41,'approved','1973-09-20 13:28:41','2008-01-12 18:17:01'),(58,8,'requested','2014-03-03 18:39:37','2008-01-31 05:42:57'),(59,92,'requested','1977-08-18 10:57:23','2007-10-02 23:48:58'),(60,64,'requested','2022-07-20 11:40:06','1995-12-19 15:40:07'),(61,58,'declined','2006-01-24 20:03:10','1996-01-05 20:07:59'),(62,70,'requested','1986-09-07 07:58:27','2015-10-25 18:37:36'),(63,76,'declined','1995-04-17 08:46:01','1972-02-22 18:55:32'),(64,48,'requested','1980-04-17 16:25:44','1985-10-26 18:25:04'),(65,51,'approved','1973-06-15 11:14:10','2008-09-08 05:25:18'),(66,46,'declined','1988-06-03 04:28:59','2022-10-12 14:10:51'),(67,56,'requested','2014-12-05 14:42:59','2011-07-11 00:21:54'),(69,87,'approved','1978-06-27 06:40:25','1989-05-18 08:40:07'),(70,44,'requested','2005-01-02 09:12:14','2022-07-13 16:00:36'),(71,54,'declined','1982-02-09 15:23:18','2011-02-06 02:45:36'),(72,66,'approved','1995-04-23 23:48:44','2009-04-18 12:36:20'),(73,42,'approved','2015-07-23 08:13:12','1973-04-27 03:43:25'),(74,15,'declined','2007-01-09 22:39:16','2020-02-08 04:58:04'),(75,91,'requested','2014-05-25 21:46:57','1987-05-20 10:39:00'),(76,28,'requested','2002-10-20 21:37:47','2016-09-15 19:57:18'),(77,49,'approved','2005-01-12 13:42:27','2006-06-28 00:35:29'),(78,86,'declined','2014-10-13 17:10:23','1994-12-06 11:06:57'),(79,65,'declined','1986-01-08 19:47:51','1984-07-10 11:47:16'),(80,59,'unfriended','1986-11-12 12:59:41','2020-03-10 13:11:08'),(81,53,'approved','1970-05-14 05:49:12','1971-08-10 04:29:51'),(82,72,'requested','1971-06-25 17:26:29','1978-09-25 12:44:01'),(83,39,'declined','2010-10-04 07:05:09','1987-11-24 06:22:17'),(84,30,'declined','1999-06-05 04:35:22','2006-01-06 22:13:47'),(85,100,'unfriended','2006-12-16 23:25:10','1995-07-18 22:50:36'),(86,98,'requested','2025-10-18 09:02:07','1984-11-29 15:51:17'),(87,37,'requested','1986-03-09 15:57:34','1994-05-06 03:33:33'),(88,47,'requested','1998-12-14 12:12:09','2020-06-14 11:16:25'),(89,52,'declined','1994-07-21 03:26:45','2010-05-29 15:40:10'),(90,57,'approved','1987-01-06 01:07:57','1982-01-11 04:56:12'),(91,82,'unfriended','1976-04-15 15:30:03','2019-05-05 06:51:05'),(92,2,'requested','1984-07-05 09:08:01','1985-03-20 03:05:38'),(93,17,'requested','1981-05-20 05:46:24','1984-08-22 11:23:17'),(94,97,'approved','1989-08-28 21:03:35','1990-11-17 10:08:43'),(95,90,'declined','1972-09-21 16:46:23','2012-08-27 12:20:42'),(96,81,'requested','1984-06-25 04:36:06','1991-09-27 23:25:58'),(97,23,'requested','2014-06-21 20:40:26','1976-09-28 06:04:17'),(98,20,'requested','1999-04-06 19:08:34','1970-02-04 09:43:27'),(99,85,'declined','1977-12-05 18:01:29','1973-04-23 00:29:58'),(100,80,'declined','2018-08-25 05:14:03','1996-10-25 16:48:54');
/*!40000 ALTER TABLE `friend_requests` ENABLE KEYS */;
UNLOCK TABLES;

--
-- Table structure for table `likes`
--

DROP TABLE IF EXISTS `likes`;
/*!40101 SET @saved_cs_client     = @@character_set_client */;
/*!40101 SET character_set_client = utf8 */;
CREATE TABLE `likes` (
  `id` bigint(20) unsigned NOT NULL AUTO_INCREMENT,
  `user_id` bigint(20) unsigned NOT NULL,
  `media_id` bigint(20) unsigned NOT NULL,
  UNIQUE KEY `id` (`id`),
  KEY `user_id` (`user_id`),
  KEY `media_id` (`media_id`),
  CONSTRAINT `likes_ibfk_1` FOREIGN KEY (`user_id`) REFERENCES `users` (`id`),
  CONSTRAINT `likes_ibfk_2` FOREIGN KEY (`media_id`) REFERENCES `media` (`id`)
) ENGINE=InnoDB AUTO_INCREMENT=101 DEFAULT CHARSET=utf8mb4 COLLATE=utf8mb4_unicode_ci;
/*!40101 SET character_set_client = @saved_cs_client */;

--
-- Dumping data for table `likes`
--

LOCK TABLES `likes` WRITE;
/*!40000 ALTER TABLE `likes` DISABLE KEYS */;
INSERT INTO `likes` VALUES (1,78,21),(2,44,63),(3,53,57),(4,4,92),(5,43,56),(6,62,36),(7,77,21),(8,3,7),(9,22,94),(10,77,73),(11,95,49),(12,63,65),(13,20,36),(14,10,48),(15,69,53),(16,5,100),(17,1,81),(18,100,96),(19,46,6),(20,55,92),(21,26,32),(22,66,68),(23,58,58),(24,55,88),(25,97,90),(26,95,89),(27,94,59),(28,21,89),(29,81,97),(30,41,17),(31,85,92),(32,52,62),(33,7,17),(34,53,10),(35,30,81),(36,48,10),(37,78,48),(38,30,6),(39,54,5),(40,77,57),(41,73,87),(42,10,8),(43,56,93),(44,98,35),(45,49,100),(46,45,31),(47,89,29),(48,31,18),(49,59,88),(50,5,37),(51,54,85),(52,72,44),(53,93,40),(54,11,26),(55,75,83),(56,91,77),(57,79,33),(58,34,71),(59,70,77),(60,33,9),(61,85,74),(62,46,79),(63,5,68),(64,18,25),(65,45,79),(66,84,68),(67,100,25),(68,45,59),(69,58,31),(70,99,99),(71,80,56),(72,69,28),(73,64,16),(74,76,58),(75,32,45),(76,63,29),(77,33,30),(78,80,1),(79,82,8),(80,90,89),(81,14,47),(82,12,42),(83,21,26),(84,9,61),(85,55,5),(86,1,42),(87,83,82),(88,26,40),(89,82,58),(90,73,41),(91,98,57),(92,59,31),(93,41,3),(94,3,66),(95,35,76),(96,42,22),(97,76,14),(98,59,81),(99,52,77),(100,57,55);
/*!40000 ALTER TABLE `likes` ENABLE KEYS */;
UNLOCK TABLES;

--
-- Table structure for table `media`
--

DROP TABLE IF EXISTS `media`;
/*!40101 SET @saved_cs_client     = @@character_set_client */;
/*!40101 SET character_set_client = utf8 */;
CREATE TABLE `media` (
  `id` bigint(20) unsigned NOT NULL AUTO_INCREMENT,
  `user_id` bigint(20) unsigned NOT NULL,
  `body` text COLLATE utf8mb4_unicode_ci DEFAULT NULL,
  `filename` varchar(255) COLLATE utf8mb4_unicode_ci DEFAULT NULL,
  `metadata` longtext CHARACTER SET utf8mb4 COLLATE utf8mb4_bin DEFAULT NULL CHECK (json_valid(`metadata`)),
  `media_type_id` bigint(20) unsigned NOT NULL,
  `create_at` datetime DEFAULT current_timestamp(),
  `updated_at` datetime DEFAULT NULL ON UPDATE current_timestamp(),
  UNIQUE KEY `id` (`id`),
  KEY `user_id` (`user_id`),
  KEY `media_type_id` (`media_type_id`),
  CONSTRAINT `media_ibfk_1` FOREIGN KEY (`user_id`) REFERENCES `users` (`id`),
  CONSTRAINT `media_ibfk_2` FOREIGN KEY (`media_type_id`) REFERENCES `media_type` (`id`)
) ENGINE=InnoDB AUTO_INCREMENT=101 DEFAULT CHARSET=utf8mb4 COLLATE=utf8mb4_unicode_ci;
/*!40101 SET character_set_client = @saved_cs_client */;

--
-- Dumping data for table `media`
--

LOCK TABLES `media` WRITE;
/*!40000 ALTER TABLE `media` DISABLE KEYS */;
INSERT INTO `media` VALUES (1,1,'Est sed id eveniet dignissimos id voluptate quis eum. Vitae voluptatibus soluta pariatur velit. Iure nesciunt enim perferendis cum aut delectus dolore quia. Optio minus doloremque culpa vitae molestias quia ut.','temporibus',NULL,1,'1980-09-29 14:35:23','1980-05-07 00:57:35'),(2,2,'Accusamus rerum doloremque et at. Labore dolorem in qui nihil et ex ab. Quam excepturi dolorem molestiae.','et',NULL,2,'1982-12-19 16:58:24','2022-03-04 07:42:15'),(3,3,'Quo illo sit vel corporis. Veniam voluptatem maxime commodi unde veritatis. Aut qui quia quis mollitia repellendus. Voluptatem nobis beatae labore sint nulla velit aliquid eos. Quia voluptas non voluptatem.','aut',NULL,3,'1977-10-12 08:38:29','1990-04-01 16:34:57'),(4,4,'Quis debitis dolorum dolor quod ut nihil perspiciatis. Id consequatur eaque ducimus quo vitae dicta mollitia. Dolore hic et exercitationem saepe laboriosam. Maxime beatae iusto repellendus rerum hic officia qui iste.','quod',NULL,4,'2020-11-11 18:23:52','1971-08-01 14:18:08'),(5,5,'Nam eum sit quam. Itaque rem a et voluptas beatae facilis. Nisi modi eum quam aut suscipit consectetur dolorum aliquam. Nemo recusandae vel dolorem aut.','ipsa',NULL,1,'1985-08-02 13:54:59','1991-09-14 01:00:03'),(6,6,'Ut praesentium non quas. Quis omnis ipsam magnam consequuntur voluptatem iste repellendus. Fugiat quod itaque cum excepturi. Aliquid fugiat eius voluptas molestias numquam voluptas.','est',NULL,2,'2002-03-20 12:07:35','2028-04-23 03:47:08'),(7,7,'Omnis numquam cum incidunt sint beatae numquam nesciunt nihil. Omnis nostrum omnis velit. Rem ipsum fuga nam aspernatur. Corporis error repellat neque et nemo sapiente.','fugit',NULL,3,'1979-08-26 23:04:21','2020-07-20 07:11:40'),(8,8,'Aut error hic a sed earum eos. Quia ut sint ab molestias et. Laborum explicabo nemo ullam blanditiis corrupti.','eos',NULL,4,'1996-09-21 19:00:04','2022-10-29 05:47:43'),(9,9,'Debitis sed assumenda quia. Quis at labore iste. Omnis alias doloremque id ut sed.','quibusdam',NULL,1,'2028-04-25 13:07:41','2008-08-04 09:57:23'),(10,10,'Similique aut illum velit quis a ipsam reprehenderit. Quae blanditiis asperiores itaque provident.','suscipit',NULL,2,'2021-01-04 10:16:10','1973-03-20 04:57:58'),(11,11,'Quia ea distinctio ullam quo minima veniam. Adipisci voluptatum eum dolorem a molestiae. Consequatur et ipsam sit dignissimos asperiores dolorem quia tempora. Et est quia recusandae repellat delectus.','dolore',NULL,3,'2028-04-14 04:53:26','2028-10-02 02:31:34'),(12,12,'Voluptas illo mollitia nobis nisi totam. Beatae natus modi quisquam harum illum sunt odio. Dolores harum numquam voluptatibus minima.','nisi',NULL,4,'2009-03-10 10:17:00','1983-07-21 08:00:35'),(13,13,'Dolor suscipit et ex assumenda et non possimus. Qui tempore et fugit. Dolor reprehenderit ipsa pariatur dolores suscipit. Omnis qui cum voluptas voluptate deserunt voluptatum dolores et. Et omnis sed aut et.','voluptate',NULL,1,'2014-09-30 12:08:11','1993-07-12 04:56:02'),(14,14,'Qui assumenda tenetur at est natus a possimus. Esse a ducimus autem. Voluptas rerum ipsa occaecati aut eum.','est',NULL,2,'1982-12-19 06:09:01','1999-03-21 11:31:53'),(15,15,'Eum molestias molestias eos molestias ut dicta. Laborum sed voluptas aut ut omnis. In impedit dolor delectus in rerum quisquam. Et velit sequi veniam minima.','saepe',NULL,3,'1983-10-22 19:07:57','1996-07-01 12:48:47'),(16,16,'Ab laborum in voluptas nisi eligendi alias qui. Laborum tempora sunt quisquam maxime explicabo sit dicta. Vitae est nisi quidem odio. Praesentium officiis quia reiciendis deserunt pariatur reprehenderit est.','eos',NULL,4,'2003-12-12 01:41:15','2011-10-18 07:41:16'),(17,17,'Est recusandae veritatis rerum quasi hic. Debitis non quisquam quas dicta eaque tempora expedita.','odio',NULL,1,'2017-10-29 17:49:48','2007-07-30 01:49:39'),(18,18,'Ut temporibus tenetur suscipit aspernatur laudantium maxime. Cum dolorem et ratione officiis accusamus sunt amet. Voluptatum illo soluta est alias inventore corporis totam. Consequatur harum voluptas ea perspiciatis.','nisi',NULL,2,'2017-10-16 19:52:16','2020-07-13 06:20:59'),(19,19,'Consequatur recusandae repudiandae harum. Sit placeat qui quisquam et ipsam itaque. Recusandae provident provident non eum est tempore itaque.','nisi',NULL,3,'1984-02-09 21:50:16','1986-10-12 20:16:09'),(20,20,'Ut quis harum vitae enim sapiente. Accusamus maiores tenetur et quos. Quia et eum repellendus et esse.','enim',NULL,4,'2008-10-13 03:44:11','2017-01-23 04:14:38'),(21,21,'Praesentium eius corporis qui corrupti rerum corporis. Sit qui deleniti nihil impedit qui quis. Natus quas laboriosam exercitationem reprehenderit. Quo sunt occaecati cumque labore sunt voluptatem quisquam distinctio. Soluta eaque sed voluptatum sed et velit.','laudantium',NULL,1,'1999-04-27 20:47:07','1973-10-03 04:53:59'),(22,22,'Reprehenderit animi et dolores aut. Dolorem voluptas exercitationem placeat quis omnis culpa corporis. Eos dignissimos voluptates praesentium velit voluptatem similique. Facere excepturi sit laborum dolores sint.','minus',NULL,2,'1973-08-13 14:36:26','2020-01-19 15:08:13'),(23,23,'Maiores non harum ut velit. Reiciendis at omnis at inventore explicabo. Quos est doloribus aut ea ea accusamus.','dolores',NULL,3,'2011-08-18 13:56:51','1979-05-29 07:07:10'),(24,24,'Possimus maiores repellat architecto sequi. Quia occaecati voluptatem impedit sunt aspernatur et ipsum. Quis in aut adipisci quia esse.','consequatur',NULL,4,'1980-05-06 16:58:54','2008-12-17 10:50:35'),(25,25,'Esse optio totam vitae dignissimos. Sunt sit ipsum eum sit. Rerum facilis voluptates dolor reiciendis unde consequatur. Alias qui sunt a fugit reprehenderit sapiente.','omnis',NULL,1,'1997-07-09 07:40:17','1974-10-03 05:49:03'),(26,26,'Quo soluta rerum enim aspernatur officia possimus. Iusto incidunt adipisci vitae omnis magnam et. Praesentium ipsam et et blanditiis natus omnis tempora. Mollitia natus ut et ut.','et',NULL,2,'1980-08-02 21:23:23','1994-12-21 11:04:07'),(27,27,'Ipsum ex voluptas ipsa laudantium. Sunt dolores quo qui et. Itaque ut eligendi ut molestiae qui doloremque omnis repellendus. Amet illum neque dignissimos.','aut',NULL,3,'1973-12-06 23:09:01','1991-06-05 07:31:40'),(28,28,'Laudantium voluptatem qui nesciunt dolores beatae vitae et quia. Labore fugiat excepturi id aut consequatur nisi voluptatem. Vel sunt quos magnam et dicta. Occaecati dolorum et explicabo animi voluptate accusamus est. Dignissimos molestias enim quo qui similique omnis in.','nobis',NULL,4,'2005-09-24 02:28:47','2006-02-09 17:16:56'),(29,29,'Aut ratione magni omnis illo. Eos ab ducimus at aliquam ut sequi explicabo. Omnis incidunt unde recusandae repudiandae. Maiores quae totam aut repudiandae consequatur qui rerum nisi.','fugiat',NULL,1,'2007-12-12 03:10:35','2028-02-27 20:25:16'),(30,30,'Voluptatem sed rerum qui quibusdam quas exercitationem. Sapiente architecto debitis sed officiis numquam. Earum ut velit pariatur accusantium et autem sint. Quo reiciendis repudiandae repellat optio quo molestiae magni eos.','rerum',NULL,2,'2017-09-28 18:36:58','2000-09-03 10:45:46'),(31,31,'Maiores rerum ipsum culpa assumenda. Enim iure velit voluptatum. Aliquam ut reiciendis rerum.','dolorem',NULL,3,'1984-01-16 21:44:15','2028-10-28 08:54:50'),(32,32,'Quaerat optio beatae dolore. Ut non ullam accusantium nostrum ut.','voluptatum',NULL,4,'2016-06-05 08:26:20','2019-12-15 06:53:56'),(33,33,'Omnis occaecati consequatur iure incidunt iusto est. Ex qui totam dignissimos nobis accusantium sunt est. Voluptatem eaque eveniet consequatur delectus fugiat tenetur. Animi aliquid quos ab aut rerum molestiae ratione.','tempore',NULL,1,'1988-08-14 21:30:34','1978-04-06 04:57:57'),(34,34,'Aut ullam qui neque unde veritatis qui. Aperiam asperiores fuga nulla labore a enim. Libero perferendis consequatur omnis quia at est. Atque amet et et placeat.','qui',NULL,2,'1993-04-13 21:31:38','2020-04-01 17:45:08'),(35,35,'Magnam doloribus quibusdam omnis provident. Nobis aut necessitatibus in alias in quam accusamus. Ut numquam delectus consequatur enim et.','sed',NULL,3,'1979-12-07 15:02:36','2018-12-01 03:17:14'),(36,36,'Quas dignissimos a ab quisquam at numquam et. Tenetur porro dignissimos cum. Provident rerum sit deleniti quod. Quis repellat et sit tenetur accusantium.','qui',NULL,4,'2010-01-08 06:16:56','1981-07-12 21:18:49'),(37,37,'Quasi eum similique nam quidem. Molestiae qui et et cumque consectetur fuga. Quas quam quibusdam aliquam veniam tenetur nihil et. Maxime ea deserunt neque porro quas et. Voluptate sapiente voluptate ipsum distinctio corporis dolorem.','voluptas',NULL,1,'1999-03-24 17:02:42','1973-06-03 14:39:51'),(38,38,'Qui aut eligendi ut aliquid laboriosam repellendus harum. Eius ex culpa sit. Quibusdam laborum eaque saepe et non nihil harum qui. Reprehenderit esse architecto ut consequatur eum dolores.','quia',NULL,2,'2008-01-27 04:24:56','1986-02-24 17:35:16'),(39,39,'Praesentium sit praesentium aut impedit. Porro vitae totam eaque sequi rerum est. Animi vel voluptas et dolores molestiae quae saepe.','laboriosam',NULL,3,'2028-02-15 08:12:53','2005-02-14 03:51:47'),(40,40,'Dolor nemo omnis minus eos ab magni. Nisi eos et sint et possimus commodi ratione.','nulla',NULL,4,'2011-07-06 07:41:03','2007-12-18 15:33:05'),(41,41,'Quidem in et aut perspiciatis repellendus. Et ab similique est consequatur voluptatum architecto. Ad repellendus omnis ducimus.','voluptate',NULL,1,'2006-02-19 17:10:17','2012-12-18 16:11:53'),(42,42,'Quam sequi id iste eius magnam enim. Repellat magnam ipsa reprehenderit id consectetur maiores. Cumque pariatur dolorem assumenda dignissimos sed. Atque consequuntur omnis delectus. Quibusdam assumenda porro et et expedita distinctio qui.','eaque',NULL,2,'1995-08-31 15:34:36','1976-03-01 06:58:21'),(43,43,'Perspiciatis eaque tempora consequatur qui omnis possimus. Placeat quis facilis ut. Qui veritatis magnam explicabo assumenda voluptate. Et debitis placeat explicabo laboriosam laudantium aut a. Explicabo dolore et praesentium similique in sunt sunt.','labore',NULL,3,'1987-07-08 10:00:16','1985-07-24 03:15:21'),(44,44,'Aliquid in vel consequatur et odit. Praesentium molestiae voluptates rem sint ut doloribus. Ducimus ipsa qui accusantium aut nulla quisquam.','a',NULL,4,'1978-10-21 13:06:44','2019-04-19 23:48:35'),(45,45,'Eveniet est aut et quia ab. Non ut quod doloribus amet. Aut reprehenderit excepturi dolore soluta vel.','quasi',NULL,1,'2015-02-19 11:25:15','1988-06-13 15:10:54'),(46,46,'Qui repellat ipsa officiis ut. Rerum maxime dolorem aut explicabo. Ipsum aut expedita deserunt ipsa esse. Eveniet repellat odit est aut aperiam quia.','dolores',NULL,2,'1983-10-04 21:16:05','2008-06-12 06:19:07'),(47,47,'Maxime magni deserunt eos sit laudantium repellat quis. Voluptatem perspiciatis iure reiciendis atque ea vel. Alias nam accusantium aut modi.','aut',NULL,3,'2000-01-28 09:27:38','2018-06-03 19:15:53'),(48,48,'Ut et aspernatur voluptas possimus tempora ea non. Quibusdam fugit harum quos deserunt consectetur eius. Rerum dicta aut praesentium omnis.','voluptatem',NULL,4,'1999-04-15 01:07:47','1977-12-10 23:17:26'),(49,49,'Praesentium possimus est eius rerum eveniet. Dicta et quae necessitatibus velit quibusdam eveniet. Harum hic illo sed similique iure est.','voluptatem',NULL,1,'1974-06-13 04:30:16','1994-07-14 04:32:32'),(50,50,'Veritatis possimus similique reprehenderit ratione possimus sunt omnis. Nisi placeat id illo aspernatur vitae quis. Culpa omnis voluptatum non explicabo qui et est sunt.','nihil',NULL,2,'1970-08-26 07:05:57','2017-11-26 18:50:15'),(51,51,'Et fugiat at quo excepturi voluptate ducimus. Maxime nihil veritatis vitae autem quas. Praesentium et odit magnam in.','sunt',NULL,3,'2014-11-04 22:32:28','1982-08-15 15:57:37'),(52,52,'Maiores accusantium ut officia voluptate dolorem praesentium. Alias autem veritatis asperiores excepturi quia et accusamus. Praesentium autem perspiciatis maxime quia quia iusto dolor. Dolor quia voluptatem et dolores voluptas.','voluptas',NULL,4,'1974-11-27 19:03:14','1989-03-02 03:10:55'),(53,53,'Aliquam id sunt provident quia sunt. Alias impedit sequi nulla facilis omnis eum. Natus ea aut inventore voluptas molestias.','eveniet',NULL,1,'2015-09-10 22:06:50','1970-08-05 20:52:50'),(54,54,'Deleniti natus rerum quo dolor illum temporibus maxime dolore. Eveniet harum totam et eos accusamus illum optio. Praesentium quia provident enim vero.','dolor',NULL,2,'2019-06-11 03:50:25','1989-03-12 12:45:10'),(55,55,'Explicabo cupiditate ducimus dolorem eos. Iste in natus numquam ea non. Iusto sit enim dicta quia voluptas facilis et labore.','aut',NULL,3,'1992-07-05 10:09:30','2018-11-24 22:18:43'),(56,56,'Et labore qui et. Eius id soluta molestiae non consectetur quasi. Autem velit voluptas id eum natus.','et',NULL,4,'1978-10-29 16:29:41','1976-05-21 20:52:22'),(57,57,'Sequi omnis praesentium qui fugiat rem fugit praesentium. Impedit mollitia natus exercitationem asperiores facere accusamus. Molestias non est voluptatem. Sapiente praesentium quasi debitis nisi. Dolorem totam itaque ea quaerat dolor delectus.','cum',NULL,1,'2019-12-28 15:30:04','1974-08-31 05:02:33'),(58,58,'Cupiditate non autem neque voluptas. Perspiciatis dolores velit tenetur illum porro. Autem et delectus vitae quo. Magnam asperiores aut quia distinctio.','beatae',NULL,2,'2012-06-13 21:21:51','1990-01-10 06:31:14'),(59,59,'Harum minus qui repellendus est et et. Asperiores enim enim quaerat alias voluptates.','fugiat',NULL,3,'2015-02-04 12:24:23','1973-07-01 13:00:39'),(60,60,'Voluptatem sapiente vel nulla et accusamus saepe. Omnis distinctio quia commodi et ea quaerat distinctio nesciunt. Saepe repudiandae minus consequuntur iusto iste totam autem. In dolore totam nesciunt nam sit officia.','quia',NULL,4,'1988-12-31 14:38:23','2025-12-08 20:56:04'),(61,61,'At quis odit at facere ipsa repellat blanditiis. Voluptatem nam optio possimus animi itaque unde aut. Facilis dolor quam mollitia laudantium quis minus enim dignissimos. Laboriosam qui illo ut voluptate quae.','quas',NULL,1,'2008-03-30 18:04:51','1970-05-19 00:21:35'),(62,62,'Ea provident et nostrum et inventore. Distinctio quo ipsam consequatur a ducimus aut deserunt aut. Aperiam expedita et sed sapiente perspiciatis eum. Est veniam omnis necessitatibus repellendus.','quaerat',NULL,2,'1985-10-30 22:35:01','1983-03-07 01:34:27'),(63,63,'Ut soluta doloribus mollitia. Et iusto nostrum quaerat delectus eveniet excepturi. Voluptate quia assumenda molestias incidunt et tempore totam quia.','ab',NULL,3,'1980-08-22 22:58:22','1970-07-19 13:24:27'),(64,64,'Quis qui dolorum magnam quis. Ipsa exercitationem harum omnis vel facere quia qui. A illo beatae in sint.','accusantium',NULL,4,'1982-03-06 04:09:24','1972-11-03 21:13:40'),(65,65,'Sit blanditiis pariatur vel. Et ullam dolores quaerat maiores in omnis sed. Aut non non laudantium et. Sint voluptatum voluptatum doloribus culpa dolores. Ea rerum nihil quo eveniet officia eius labore dolores.','quidem',NULL,1,'1985-07-04 20:26:47','1996-07-10 11:07:10'),(66,66,'Exercitationem et repellat ut eos. Tempore eius ex quod veniam. Odit nostrum hic commodi beatae rerum amet.','id',NULL,2,'2028-01-30 21:15:17','1994-07-15 19:47:20'),(67,67,'Eos qui ratione consequatur eaque veritatis sint consequatur quae. Iste exercitationem suscipit perferendis praesentium atque. Tenetur illum totam sint occaecati voluptatem mollitia.','in',NULL,3,'2016-09-14 20:49:45','1991-12-19 09:48:59'),(68,68,'Assumenda quos velit nisi sunt. Corrupti nulla omnis laudantium molestiae. Vitae dolores impedit nesciunt tempore dolorem quia.','nemo',NULL,4,'2014-07-13 22:41:51','1972-08-07 17:12:29'),(69,69,'Ut et rerum sapiente. Earum dignissimos est magni quia non. Rerum quae quaerat qui officia consequatur voluptas quo. Animi consequatur est unde aut.','non',NULL,1,'2025-07-25 03:31:40','2010-12-17 22:50:22'),(70,70,'Praesentium eius ullam aspernatur est est rem. Saepe ut ut nulla. Asperiores dolore esse in nulla voluptatibus.','minus',NULL,2,'1982-10-28 18:33:46','2014-07-11 11:37:26'),(71,71,'Tenetur quam soluta modi qui aut. Quia omnis ex non quia eos in. Voluptatem fugit laudantium et eveniet aut qui. Quas qui qui et asperiores consequuntur aut.','ipsum',NULL,3,'1975-04-15 05:09:03','2007-03-19 04:13:40'),(72,72,'Quod molestiae incidunt harum ipsa et. Sit nobis repudiandae eos sunt aut. Ipsam nihil vel eaque aut sapiente aliquid architecto nisi.','corrupti',NULL,4,'2028-11-28 04:50:38','1981-11-01 20:16:38'),(73,73,'Quibusdam ut vitae minus aliquid. Assumenda deserunt cumque tenetur sit commodi eaque quisquam mollitia. Eveniet ducimus sed quibusdam.','delectus',NULL,1,'1990-06-13 10:32:57','2018-09-29 11:58:11'),(74,74,'Sit est repellendus quo vel quasi eos consequatur ut. Sed repudiandae fugiat quo quas quibusdam placeat. Cumque architecto eligendi vero voluptatem sequi enim. Ullam rerum quam qui quod.','ea',NULL,2,'1970-05-01 14:13:13','1973-08-14 20:25:47'),(75,75,'Non magnam numquam et expedita voluptas. Aut aperiam consequuntur quos et incidunt vel tempore. Est reiciendis nemo aliquam quo enim. Eos vel ad aliquam aut quos voluptatem earum.','tempora',NULL,3,'1989-08-20 18:19:03','2007-05-29 10:18:01'),(76,76,'Harum eius consequatur omnis illum. Aut error nihil est tenetur dolor. Nihil reprehenderit fuga consequatur at.','eaque',NULL,4,'1998-05-02 09:18:23','1980-12-05 03:41:33'),(77,77,'Aperiam atque eius consequatur sed reprehenderit consequatur esse. Quis iure ut eius totam necessitatibus officiis. Sit asperiores nihil soluta nam. In placeat aut beatae non quam.','ea',NULL,1,'2003-03-26 01:15:56','2003-04-10 19:46:06'),(78,78,'Reprehenderit vel totam voluptas. Et voluptas provident assumenda quasi iste quia. Repellendus hic sit nesciunt eos mollitia.','iste',NULL,2,'1976-02-10 11:39:20','1995-05-17 10:51:36'),(79,79,'Ducimus sapiente fugiat dolor id. Architecto iure rerum nesciunt aut illo est voluptates. Nisi iure ab labore temporibus reprehenderit quaerat quisquam. Labore ea aut ipsam quia iusto libero.','rerum',NULL,3,'1976-11-12 22:32:12','2009-08-23 13:01:45'),(80,80,'Quasi voluptatum eum consequatur similique. Reprehenderit est sit numquam in. Porro esse laborum laborum impedit vel accusantium harum. Qui quisquam quo quidem et accusamus commodi.','officia',NULL,4,'2006-03-24 21:00:32','1984-07-20 06:57:35'),(81,81,'Eum quidem pariatur eum eaque. Animi sit dolorum rerum ut eligendi voluptas. Est tempora dolorem ratione voluptas fugiat molestias vel. Mollitia expedita expedita enim exercitationem perferendis ut. Soluta in consectetur pariatur aut reiciendis omnis est.','earum',NULL,1,'2011-01-05 08:17:43','1991-07-01 03:51:07'),(82,82,'Saepe similique iste dolor repellendus sunt distinctio quidem. Aliquam eum perspiciatis molestias. Veritatis et placeat quo autem voluptas. Quia excepturi labore est dicta.','fuga',NULL,2,'1977-01-06 05:23:41','2007-02-03 17:29:03'),(83,83,'Provident ullam in animi qui enim quia illum. Quam aspernatur commodi nam. Fugit eligendi pariatur incidunt. Eos odit tenetur a nisi magni ex reprehenderit modi.','sit',NULL,3,'2012-05-17 22:42:22','1973-04-19 13:44:04'),(84,84,'Explicabo quo odit dolores numquam. Eligendi earum ut saepe ipsam. Recusandae aut possimus mollitia rem quia ab.','rerum',NULL,4,'1978-07-03 20:03:16','1988-04-13 01:21:08'),(85,85,'Ipsam perferendis voluptas blanditiis suscipit numquam non. Quo est molestiae sapiente ut rerum esse. Qui ut qui quos cumque facere.','omnis',NULL,1,'2008-01-10 04:24:03','1986-04-17 15:44:59'),(86,86,'Omnis minus necessitatibus sapiente rerum porro. Perspiciatis eius exercitationem rerum. Illum aut corrupti reiciendis commodi. Itaque quidem quis rerum minus dignissimos.','ipsa',NULL,2,'1995-04-20 11:37:41','1986-04-26 08:02:41'),(87,87,'Est minima ratione ad maiores neque consequatur. Aliquam optio incidunt dolor magni qui enim consectetur. Voluptate odit voluptatem sed expedita inventore consequatur.','sed',NULL,3,'2028-12-08 13:47:51','2012-09-16 21:56:30'),(88,88,'Quod et at harum nulla placeat. Reiciendis provident iusto minus ullam dolorem incidunt. Natus nihil nemo placeat quidem.','quia',NULL,4,'1998-02-24 18:59:45','1995-11-03 18:26:15'),(89,89,'Nisi qui voluptates ut nesciunt sit. Quae eum eaque ipsam porro numquam vel. Et animi saepe provident natus omnis dolorem ut.','necessitatibus',NULL,1,'2022-09-16 05:13:18','2022-05-23 02:09:06'),(90,90,'Vel non molestiae sed nulla consequatur. Reiciendis ut minus consequatur repellat omnis laudantium. Esse ipsum nulla inventore mollitia ut similique.','nemo',NULL,2,'2018-01-25 15:11:45','2006-11-22 17:52:35'),(91,91,'Voluptatum nemo officia pariatur aspernatur dolor veritatis repellendus. Quisquam dignissimos modi totam quas repellendus et. Doloremque dolorem et repellat et nihil aut aut dolor. Temporibus ipsa minima fugiat alias.','exercitationem',NULL,3,'2018-04-20 04:16:15','2014-01-15 01:19:37'),(92,92,'Aperiam voluptatum tenetur sit sed. Qui quas velit dolores fugiat.','omnis',NULL,4,'1991-05-30 13:24:49','1997-03-21 06:57:44'),(93,93,'Eum eligendi non ea voluptas sunt. Sit magnam sunt excepturi dolor explicabo tenetur. Non nobis possimus earum.','voluptatem',NULL,1,'1994-02-17 09:45:34','1987-05-31 07:07:36'),(94,94,'Eaque aut ipsam voluptatem illum repellat nulla. Aut esse et saepe ut.','praesentium',NULL,2,'2016-07-28 18:46:52','2020-08-06 13:03:45'),(95,95,'Vel ut ab nostrum. Autem provident et voluptatum ea repellat alias. Necessitatibus sit in laudantium distinctio. Laborum consequatur aliquid possimus quis a aut.','odit',NULL,3,'2014-03-07 02:06:10','2019-12-15 08:09:24'),(96,96,'Officiis quis soluta eius consequuntur voluptatum beatae sed. Temporibus sed totam ducimus rerum aut. Tenetur qui corrupti id. Id ut eum ut.','neque',NULL,4,'1974-11-06 05:24:01','2009-09-02 05:14:54'),(97,97,'Perspiciatis qui esse vel non hic deserunt nemo error. Accusamus commodi et sit temporibus cumque. Et voluptatem non aut dicta aliquam veritatis. Sed atque maiores debitis voluptatibus.','impedit',NULL,1,'1994-09-27 22:58:34','1970-01-02 14:48:20'),(98,98,'Eum in quod id vel quam enim commodi. Nobis qui sit aut. Expedita quia id facilis in ipsam. Suscipit et sequi qui.','ab',NULL,2,'1978-12-25 08:19:53','1971-01-28 03:45:41'),(99,99,'Quis autem aliquid quo ut. Doloribus aut quo animi molestiae a. Rerum mollitia ipsum quidem. Voluptatem aut deserunt et itaque neque vel esse.','cupiditate',NULL,3,'2025-08-07 11:56:58','2010-08-07 21:32:12'),(100,100,'Aut vel cupiditate eum nihil quos explicabo eveniet. Perspiciatis dolore nam rerum illum omnis iste quos architecto. Voluptatem quisquam commodi sint qui adipisci facere consequuntur. Beatae veniam saepe dolorum voluptatem cupiditate mollitia veritatis.','fuga',NULL,4,'1977-01-21 17:51:38','2011-08-06 18:06:14');
/*!40000 ALTER TABLE `media` ENABLE KEYS */;
UNLOCK TABLES;

--
-- Table structure for table `media_type`
--

DROP TABLE IF EXISTS `media_type`;
/*!40101 SET @saved_cs_client     = @@character_set_client */;
/*!40101 SET character_set_client = utf8 */;
CREATE TABLE `media_type` (
  `id` bigint(20) unsigned NOT NULL AUTO_INCREMENT,
  `name` varchar(255) COLLATE utf8mb4_unicode_ci DEFAULT NULL,
  UNIQUE KEY `id` (`id`)
) ENGINE=InnoDB AUTO_INCREMENT=5 DEFAULT CHARSET=utf8mb4 COLLATE=utf8mb4_unicode_ci;
/*!40101 SET character_set_client = @saved_cs_client */;

--
-- Dumping data for table `media_type`
--

LOCK TABLES `media_type` WRITE;
/*!40000 ALTER TABLE `media_type` DISABLE KEYS */;
INSERT INTO `media_type` VALUES (1,' music'),(2,' image'),(3,' video'),(4,'text');
/*!40000 ALTER TABLE `media_type` ENABLE KEYS */;
UNLOCK TABLES;

--
-- Table structure for table `messages`
--

DROP TABLE IF EXISTS `messages`;
/*!40101 SET @saved_cs_client     = @@character_set_client */;
/*!40101 SET character_set_client = utf8 */;
CREATE TABLE `messages` (
  `id` bigint(20) unsigned NOT NULL AUTO_INCREMENT,
  `from_user_id` bigint(20) unsigned NOT NULL,
  `to_user_id` bigint(20) unsigned NOT NULL,
  `body` text COLLATE utf8mb4_unicode_ci DEFAULT NULL,
  `create_at` datetime DEFAULT current_timestamp(),
  UNIQUE KEY `id` (`id`),
  KEY `from_user_id` (`from_user_id`),
  KEY `to_user_id` (`to_user_id`),
  CONSTRAINT `messages_ibfk_1` FOREIGN KEY (`from_user_id`) REFERENCES `users` (`id`),
  CONSTRAINT `messages_ibfk_2` FOREIGN KEY (`to_user_id`) REFERENCES `users` (`id`)
) ENGINE=InnoDB AUTO_INCREMENT=101 DEFAULT CHARSET=utf8mb4 COLLATE=utf8mb4_unicode_ci;
/*!40101 SET character_set_client = @saved_cs_client */;

--
-- Dumping data for table `messages`
--

LOCK TABLES `messages` WRITE;
/*!40000 ALTER TABLE `messages` DISABLE KEYS */;
INSERT INTO `messages` VALUES (1,9,11,'Praesentium voluptas ut autem sint. Soluta aliquam magnam est dolorem dolorem. Harum non voluptatem unde eum.','1999-10-08 21:01:53'),(2,23,7,'Libero voluptas aut nostrum nihil quae sint. Id quas voluptatem sit ullam impedit porro. Occaecati aut molestiae animi in aliquid. Est illo est et sint eligendi fugit.','1971-11-11 04:14:43'),(3,12,23,'Fugit accusamus velit aut voluptates aliquid et. Culpa ducimus ut veniam ea quis veritatis. Illum nulla officia nihil sed doloremque et occaecati et. Ut officia similique nihil ratione hic ratione maiores.','2015-12-18 14:17:13'),(4,41,13,'Eum ratione ratione est quidem. Et nobis esse ut rerum doloribus atque. Ea quis numquam impedit et illo sequi.','2019-03-31 13:08:01'),(5,46,14,'Unde et culpa libero voluptas dolore at. Dolore fugit id quaerat illo. Minus sequi cupiditate et qui blanditiis nemo assumenda sunt.','2015-04-29 16:47:43'),(6,78,58,'Corporis consequatur eius qui aut et sint necessitatibus. Sunt omnis tenetur nisi dolor possimus. Laboriosam autem sunt voluptas unde sed odit voluptas. Sit voluptatem omnis facilis cum consequatur necessitatibus autem.','1996-05-30 00:45:16'),(7,10,35,'Ex laborum incidunt esse sed odit aut. Minus perferendis eos nulla voluptas consectetur fugiat voluptate. Illo voluptatem qui quidem nesciunt. Illum facilis vero quis numquam.','1992-01-01 14:13:17'),(8,98,42,'Sunt dicta atque recusandae libero mollitia id. Nam non placeat repellendus repellendus odit exercitationem. Aut eum ea et aut distinctio. Et ut id animi excepturi aut.','1989-06-14 11:15:19'),(9,16,19,'Quod alias cum quasi ut omnis vel et illo. Est aut ipsam sunt enim quas quibusdam. Itaque officiis sit et laboriosam.','1988-10-03 06:01:11'),(10,89,98,'Dolor consequatur voluptatem omnis praesentium esse nihil molestiae. Beatae quod dolorum in.','1980-10-08 14:00:48'),(11,54,80,'Unde delectus eum fuga eaque omnis illum. Odit reprehenderit cum assumenda est.','2002-05-03 09:38:06'),(12,13,77,'Blanditiis qui vel vitae provident sit magnam. In libero minima ut. Placeat omnis ad eligendi ut iusto autem. Et iusto sint quisquam ad necessitatibus.','2025-09-24 07:34:02'),(13,79,49,'Magni facilis voluptatum in rerum qui. Quidem id et quaerat placeat mollitia quos rerum. Modi officiis architecto nihil aut qui. Et eveniet quo maxime facere.','1988-04-30 18:48:05'),(14,99,87,'Quos ullam distinctio et impedit. Incidunt molestiae consequatur asperiores dicta doloremque. Ullam praesentium iste et fugiat unde aspernatur in.','2009-06-18 01:27:28'),(15,99,83,'Beatae ullam error ullam ab esse ut consequatur. Aut et velit perferendis commodi. Eaque culpa exercitationem ex et odit explicabo. Saepe explicabo sunt placeat voluptatem.','1988-06-22 04:38:39'),(16,90,5,'Aut minus dolorum voluptatem dolores perspiciatis sit et. Nulla doloribus labore quia eos. Maxime et aut qui.','1985-12-10 06:07:11'),(17,95,1,'Corrupti ab iusto consequatur rem rem eligendi cum. Eaque quis maiores praesentium enim. Vitae exercitationem iusto illo asperiores quis dignissimos. Suscipit est non aperiam iste molestiae.','2016-09-20 19:15:21'),(18,87,6,'Voluptas id est error qui odio exercitationem mollitia. Atque et exercitationem ut rem molestias. Voluptas magnam ad necessitatibus consequatur quasi accusantium labore.','1988-11-04 18:38:33'),(19,33,88,'Rerum hic voluptatibus tempore esse sed nobis inventore quia. Maxime molestias sed excepturi dolorem et quia illo fugit. Architecto totam saepe in reprehenderit. Est numquam velit voluptates voluptatum eius repudiandae. Ab pariatur accusamus ipsa et consectetur natus eum.','1983-04-04 22:16:50'),(20,70,15,'Consequatur ut aut dolor dolores consequatur. Magnam veniam excepturi in maiores rerum dignissimos. Dolor doloribus perspiciatis est et maxime aut facilis voluptatem. Vel pariatur totam nihil.','2019-03-06 05:21:23'),(21,65,33,'Quo in ratione sed qui architecto. Molestiae consequuntur occaecati quos a atque amet. Repellat deleniti tempora a sunt aliquid cum.','2015-04-07 01:53:46'),(22,26,89,'Dolorum quia et at quos repellat quas. Quisquam dolor accusamus in libero libero ab necessitatibus. Maxime quo eaque ex.','2028-10-24 06:25:06'),(23,78,79,'Assumenda alias deleniti numquam. Et odio quia qui est dolorum sed molestiae. Est vel rem molestiae minima praesentium ducimus. Ipsam nisi in sit nihil molestiae debitis.','1981-07-31 07:19:26'),(24,57,16,'Illo mollitia autem nihil tenetur ut aut in sit. Vel sapiente itaque quia non accusamus. Ea eaque nihil ut quo. Tenetur labore est autem tenetur esse. Consequuntur cumque error sed ex ut illum.','1996-01-22 23:03:06'),(25,40,76,'Est incidunt consequatur tenetur ut dolor. Qui dolorum dignissimos sed dolor blanditiis repellendus. Eos ut omnis perspiciatis. Sit ab quis nisi blanditiis et nulla.','1997-12-06 09:31:06'),(26,79,48,'Nemo consequatur nihil odit nulla. Tempore ad molestias sed esse. Quia nostrum aut non officiis voluptas veritatis molestiae in. Deserunt omnis aut sunt nobis non.','2012-05-17 11:44:58'),(27,30,76,'Eos qui et accusantium voluptatum voluptatem sunt. Quod hic animi et praesentium qui. Sequi eius assumenda ut et. Aut natus pariatur et et repudiandae et reiciendis.','2028-03-19 05:45:34'),(28,2,59,'Commodi non ratione illo. Laudantium reprehenderit perspiciatis dolorem esse dolores deserunt sequi sed. Ratione perspiciatis quaerat quidem eos expedita officiis eveniet. Qui in voluptate aspernatur.','1982-05-05 22:21:26'),(29,63,50,'Ipsam eos sint dignissimos repellendus voluptates. Dolorem debitis culpa hic non voluptatem vel. Est distinctio ullam aut provident praesentium similique autem.','2028-09-02 05:48:35'),(30,8,44,'Et et nemo magnam sunt. Voluptatum odio et sed repellendus. Magni labore enim in aperiam exercitationem. Quos odio nihil numquam amet.','2017-07-23 02:17:03'),(31,20,63,'Nam assumenda ex iusto dolor voluptatum. Quia quae sed magnam occaecati aut aspernatur. Occaecati libero tempore quis ut ullam consequatur eum libero. Mollitia impedit sequi qui enim. Eos non dolor sit ut vitae quo consequatur.','1994-09-04 10:35:38'),(32,16,52,'Voluptate tempora voluptates numquam sint neque blanditiis. Est dolorem et consectetur eligendi voluptatum vitae. Et qui quo vitae sint.','1996-08-23 22:44:27'),(33,22,96,'Aperiam voluptatem eius repudiandae explicabo molestiae voluptas numquam. Hic reiciendis ea atque aspernatur. Fuga molestiae ratione repellat veritatis.','1995-12-01 14:17:00'),(34,3,20,'Vel ut dolor eius non maiores. Tempora ut culpa quae impedit quisquam minima nostrum. Similique laborum mollitia laudantium eaque eos mollitia natus.','1972-05-02 12:45:44'),(35,48,98,'Ut accusamus autem totam non ratione. Aut voluptates quae nihil repudiandae consequatur. Illum ut eaque ducimus architecto molestiae dolorum. Quia beatae eaque sed omnis.','1977-10-06 22:46:51'),(36,11,97,'Suscipit deleniti omnis quisquam amet. Voluptates expedita eos qui eum nostrum voluptatibus. Doloremque voluptas et enim incidunt officia molestiae et.','1982-11-29 16:30:20'),(37,15,74,'Ea suscipit debitis est expedita est. Suscipit praesentium iste et harum. Distinctio aperiam sed atque qui fugiat. Cum alias corrupti magnam et omnis nisi.','1970-06-15 20:07:53'),(38,93,17,'Laborum repellat quas impedit est saepe a beatae eos. In debitis architecto quaerat voluptatum.','2022-05-23 13:55:38'),(39,99,9,'Sit sed vel quae non. Et tempore quis quod aut. Vitae natus unde laudantium minus qui. Voluptate vel nobis omnis voluptate assumenda.','1989-05-28 23:23:12'),(40,24,67,'Harum dolores reprehenderit soluta repellat molestias. Adipisci consequuntur omnis dolorum. Molestias corrupti odit est sunt architecto explicabo.','1974-10-29 13:15:53'),(41,22,45,'Ut molestiae sit consectetur qui sed quis illo quas. Eveniet ut aperiam sapiente esse ipsum corrupti. Eum earum rem quis. Sit modi voluptate sunt saepe.','2022-09-10 14:36:39'),(42,43,91,'Consequatur provident ipsam odit. Ratione sunt quo vel qui recusandae. Deserunt repudiandae et maiores eum cum iusto. Molestias impedit dolorem voluptatem. Ducimus commodi tenetur quis fuga unde.','1981-09-20 23:57:59'),(43,51,98,'Autem neque a tempore modi non dolor. Iste possimus omnis nam qui. Consequatur est optio perspiciatis numquam quia facilis excepturi sint. Sequi est minima quia maiores.','1987-10-08 23:01:07'),(44,19,28,'Enim dolores et a est et in consequuntur. Earum officiis quisquam aut quidem nesciunt. A voluptate aut ex qui.','1981-02-22 07:15:18'),(45,76,44,'Reiciendis voluptatem doloribus quia. Sed id quia quaerat provident sit voluptas. Nihil est modi dolores corrupti. Et vel iusto nostrum aspernatur voluptatem. Accusantium quisquam error alias.','1990-01-26 23:37:32'),(46,54,45,'Ea occaecati eos quia earum. Rerum et perferendis est recusandae similique dolor omnis. Nemo officia dignissimos sit placeat ut est.','1977-12-12 04:19:00'),(47,90,98,'Rem impedit alias cumque occaecati accusamus aspernatur est illo. Nihil aspernatur veritatis placeat labore asperiores repellat. Hic sed voluptatem saepe omnis.','2011-03-19 17:06:55'),(48,18,29,'Sequi repudiandae autem suscipit quo. Nisi rem maiores voluptatibus perferendis a porro fugit quis. Quaerat illum repellat ut vero fugit sunt. Rerum dignissimos repellendus doloribus facilis iusto aspernatur voluptatem.','2014-09-05 04:00:46'),(49,7,71,'Consequatur sint sint eum. Et iste repellendus sequi ullam distinctio dolorum fugiat. Voluptate voluptatum consectetur inventore earum.','1986-09-22 22:48:49'),(50,56,31,'Sint sapiente vero officiis et sit est. Deleniti ratione sequi placeat quas tempore in ratione. Sed qui minima deleniti sed eos et. Repellendus provident totam vitae illo quasi reprehenderit.','1999-12-26 07:51:26'),(51,46,68,'Fugit quas et aliquid sit. At est quia fugit impedit suscipit.','1985-05-14 10:40:19'),(52,15,72,'Consequatur voluptatum et blanditiis ducimus in sit non quae. Ex et perferendis numquam ut et minus. Non explicabo sequi beatae tenetur esse.','1988-12-24 02:53:28'),(53,79,60,'Et in hic omnis autem sint. Perspiciatis vitae ratione laborum optio. Architecto exercitationem quasi sed id.','2028-05-25 03:20:38'),(54,35,91,'Qui officia dolorem distinctio. Error placeat maxime omnis consequatur voluptatem. Temporibus perspiciatis nam vitae est animi unde. Maiores ut laborum cupiditate expedita ipsa eum soluta.','2028-01-31 00:02:11'),(55,31,65,'Vero voluptatem praesentium voluptatem. Nulla minus consequuntur et hic dolor delectus impedit. Ut modi eum ut sapiente delectus. Vel hic quo eveniet.','1975-12-12 10:43:24'),(56,80,96,'Possimus dicta voluptates dolores id possimus placeat ratione. Modi accusamus nihil tenetur. Error velit sint voluptatibus eum accusantium.','1976-05-13 12:50:08'),(57,24,30,'Iste natus quia veritatis voluptatem illo. Accusamus velit et similique consequatur reprehenderit voluptatum. Laboriosam sunt possimus dolores ut libero. Eum accusamus aut provident eius maxime error.','1986-10-02 18:57:36'),(58,84,3,'Alias aperiam in et ut dignissimos qui sed. Eligendi rem ut maxime magni et porro quas. Voluptatem quia laudantium et. Culpa soluta voluptas ab non amet voluptates et.','2018-04-25 10:04:31'),(59,43,87,'Suscipit sequi sed quo. Libero voluptatibus dolor voluptates rerum harum cumque. Porro quis sunt autem ipsa.','2018-03-13 05:01:55'),(60,96,21,'Autem culpa et aspernatur est. Quis sit et nisi qui ad enim at. Beatae neque commodi adipisci velit quia repudiandae. Eos numquam facilis id illo velit.','2014-11-01 11:59:20'),(61,61,1,'Eaque voluptatem ea itaque sit dolores vitae maiores. Iste iste aperiam veritatis est et. Tempore veniam nam consequatur voluptatem cupiditate soluta facere.','2010-08-08 07:12:31'),(62,47,75,'Voluptatem dicta suscipit veniam sit laborum recusandae. Et voluptatum ex quod.','1981-04-24 19:14:22'),(63,95,83,'Sed quisquam nemo error eligendi ullam. Provident dicta voluptatem est facere ea eos. Voluptate natus natus dolores inventore perspiciatis aut fugit.','1996-02-28 14:32:44'),(64,31,47,'Consequatur hic sunt quia vitae. Praesentium ut deserunt ut excepturi et. Ea magni ut corrupti sit quos fuga aut. Aliquid ad sed sed ut.','1977-12-17 05:17:55'),(65,95,87,'Ut laudantium aliquid quis rerum vitae. Dignissimos adipisci eligendi aut dolorem occaecati unde. Sed voluptatem possimus beatae quod est molestiae.','1989-10-05 08:05:12'),(66,44,97,'Ex aliquid ducimus laudantium excepturi. Optio corporis soluta reiciendis. Fugiat ex laudantium illum et qui. Repellat consequatur delectus impedit nostrum odit quis.','1973-10-31 13:20:11'),(67,47,4,'Odio dolorem et ullam commodi possimus distinctio maxime. Ratione dolore sed vel odio ea quia possimus ex. Aut laborum ut et.','1998-12-14 19:11:54'),(68,72,44,'Ipsa aliquam nihil at saepe. Sint voluptates placeat nihil odio beatae ducimus. Assumenda eum est illo at quia excepturi non. Iure qui minus nostrum in ut sunt unde.','2014-08-08 01:52:44'),(69,40,71,'Nesciunt enim officia sint consequatur eveniet laborum et. Officiis iste blanditiis maxime necessitatibus ducimus quis. Corporis rerum assumenda repellat dolores.','2007-01-08 16:11:12'),(70,57,37,'Labore qui sit tenetur quod et qui. Rerum consequatur dolorem aut distinctio optio. Aut aut minima quo quia odio dignissimos.','1996-01-29 11:06:06'),(71,51,23,'Sed quo et at libero debitis. Aut ducimus odit quod dolores ab et. Dolores deleniti qui ut dolorem.','2005-03-03 18:51:41'),(72,91,36,'Dolor odio harum quis dolores eum harum totam sint. Atque aliquam tempora laudantium esse occaecati molestiae. Maiores blanditiis perferendis ut nulla necessitatibus sed reiciendis. Iusto ducimus voluptatem cupiditate optio consequatur dicta ut.','2003-09-01 23:43:48'),(73,30,54,'Voluptate consequatur asperiores eum ex reprehenderit provident commodi omnis. Corporis ut veritatis magni id. Ab ut rerum consequatur et. Eos repellendus libero quis repellendus minima.','2003-05-19 09:45:56'),(74,75,31,'Nesciunt unde alias consequatur ab. Molestiae vel quidem autem quo rerum sint optio voluptatem. Fugit quam alias aut adipisci. Dolorem mollitia exercitationem illum.','2016-07-08 01:40:14'),(75,32,52,'Ducimus ut temporibus est quia voluptas vero est. Qui veritatis vero ipsam quo aspernatur nisi qui dolorem. Officia et modi quasi suscipit.','2003-09-25 02:24:32'),(76,32,13,'Commodi vero doloribus voluptatem ex nesciunt. Facilis aut quibusdam quas dicta voluptatem cumque quia. Velit recusandae esse voluptas qui aut nostrum. Iure ducimus consequatur qui dolorem voluptas.','1989-03-25 02:45:13'),(77,65,49,'Ad et fugiat repellendus quo sed eveniet voluptatem. In officiis atque non. Aut est quia officia mollitia. Debitis asperiores consequatur voluptatem eos.','1987-10-16 13:18:15'),(78,74,91,'Voluptas et beatae est eum qui eaque. Voluptatibus debitis cum quia blanditiis blanditiis rerum. Enim enim maxime perspiciatis impedit corrupti. Neque veritatis saepe eius sequi explicabo.','2002-01-15 05:58:39'),(79,15,6,'Recusandae unde veniam harum nam ut nihil amet. Iste assumenda nemo et aut. Dolorum ratione hic nihil aliquid praesentium. Sint minus inventore exercitationem porro qui mollitia.','1981-02-23 03:45:13'),(80,47,8,'Maiores nostrum mollitia in explicabo sit qui. Sint neque quae labore non nisi ut. Aliquid velit ipsa voluptatibus aut libero. Fugiat nulla esse quod dolor aut distinctio.','1981-04-28 23:32:36'),(81,26,67,'Et suscipit rerum quis cupiditate. Perferendis sed quo sed tenetur. Officia perspiciatis voluptatibus maiores atque.','2025-11-29 20:08:46'),(82,87,23,'Minima nihil cum accusantium reprehenderit. Tempore quis voluptas unde assumenda. Eligendi non eius laborum quae.','1986-12-01 09:07:13'),(83,91,95,'Perspiciatis qui dolorum id qui illo quis nemo autem. Ut voluptatem odit saepe et placeat qui ut veniam. Aut nesciunt necessitatibus voluptate velit.','2028-07-24 01:46:06'),(84,71,71,'Saepe id ut delectus nemo quis. A quidem omnis inventore dolor alias ad eius qui. Pariatur tempora ex porro mollitia. Beatae ratione eligendi iusto aut ut qui sunt sit.','2018-10-08 02:56:48'),(85,38,5,'Doloremque quidem et atque placeat sit fugit. Omnis cumque odio beatae aut omnis porro voluptas. Possimus autem libero est voluptatem. Laudantium vitae et autem.','1989-07-14 12:07:31'),(86,35,36,'Voluptatem quod impedit qui voluptatibus illum nam. Quaerat eum omnis illo delectus officiis sequi. Et quia et dolor et doloremque esse quidem. Quo qui quidem molestiae fugiat dolorum placeat est.','1982-03-19 16:11:47'),(87,10,20,'Molestiae laboriosam qui aperiam porro sed a. Commodi temporibus quo qui commodi. Pariatur aliquam voluptas eveniet.','1992-05-09 22:48:23'),(88,2,1,'Non ipsam consequatur voluptatibus sit veniam. Exercitationem porro quo distinctio laboriosam deserunt. Sapiente natus qui aliquam praesentium est. Minima adipisci sequi deserunt quo nostrum maiores.','2018-09-14 12:49:45'),(89,6,57,'Sed sed ex ullam quia. Sed eos optio doloribus excepturi iste. Ut natus et at delectus a doloribus hic. Fuga quia accusamus expedita veritatis reiciendis dignissimos.','1980-08-05 07:49:55'),(90,60,45,'Non qui et repellendus ipsam libero. Fugit sed iure doloribus deserunt est magnam. Corrupti consequatur possimus maiores quo necessitatibus expedita quibusdam consequuntur. Praesentium qui sunt delectus dolor. Velit hic quasi delectus aperiam.','2008-04-18 07:22:11'),(91,97,92,'Est quia nulla est vel. Dolor excepturi ut in aut temporibus dolorum itaque.','1970-08-29 10:19:22'),(92,8,60,'Voluptatibus accusantium ratione quidem sed at alias. Sint sed velit aliquam suscipit. A dolore sunt quas maxime.','1993-05-12 19:52:33'),(93,26,74,'Est rerum minus nostrum saepe est voluptates in consectetur. Exercitationem voluptatum tenetur et nihil voluptatem veniam.','2016-06-29 02:09:38'),(94,3,38,'Et repellat ut alias consequatur ratione facere. Voluptate et reprehenderit qui magni natus dolor. Deleniti corporis sunt sequi consequatur.','1972-10-09 21:23:34'),(95,89,34,'Voluptatem laudantium nostrum a laborum doloribus vitae quas. Sit sit eaque ea in labore est dolorem. Fugiat et qui accusantium omnis asperiores sint quasi. Cupiditate libero minima dolorum enim qui.','1989-01-16 10:10:02'),(96,76,65,'Optio autem ex vero et. Optio dolor maiores inventore culpa. Expedita et error qui omnis similique aut ut. Impedit et repellat qui facilis qui aut. Labore quod enim et quis impedit cupiditate voluptatem.','1989-09-10 17:09:04'),(97,22,96,'Pariatur et ut est ut rerum omnis. Aliquid laudantium neque debitis fuga commodi ut. Sit eum dolores eius voluptas praesentium ut et.','1980-11-05 22:53:30'),(98,9,62,'Ipsa et dolores fugiat harum inventore dicta. Sit ipsam velit ab eos. Quo ullam culpa in tempora. Velit consequatur vero cumque in natus debitis. Harum placeat laudantium magni odio eos.','1978-03-29 14:29:08'),(99,37,3,'Aut doloribus sed et rerum sed rem ut. Nesciunt excepturi repellat quas harum quae maiores ducimus. Ipsum et debitis rem id. Iste quae vero quidem voluptatem harum. Est animi voluptatibus aut error illum.','1973-10-09 11:23:51'),(100,37,83,'Voluptas beatae aut enim expedita animi. Provident minima voluptates et optio ullam. Ut veritatis et id nisi.','1971-03-19 04:04:31');
/*!40000 ALTER TABLE `messages` ENABLE KEYS */;
UNLOCK TABLES;

--
-- Table structure for table `profiles`
--

DROP TABLE IF EXISTS `profiles`;
/*!40101 SET @saved_cs_client     = @@character_set_client */;
/*!40101 SET character_set_client = utf8 */;
CREATE TABLE `profiles` (
  `user_id` bigint(20) unsigned NOT NULL,
  `gender` char(1) COLLATE utf8mb4_unicode_ci DEFAULT NULL,
  `is_active` tinyint(1) DEFAULT 1,
  `date_of_birth` date DEFAULT NULL,
  `hometown` varchar(255) COLLATE utf8mb4_unicode_ci DEFAULT NULL,
  `create_at` datetime DEFAULT current_timestamp(),
  PRIMARY KEY (`user_id`),
  CONSTRAINT `fk_profiles_user_id` FOREIGN KEY (`user_id`) REFERENCES `users` (`id`) ON DELETE NO ACTION ON UPDATE CASCADE
) ENGINE=InnoDB DEFAULT CHARSET=utf8mb4 COLLATE=utf8mb4_unicode_ci;
/*!40101 SET character_set_client = @saved_cs_client */;

--
-- Dumping data for table `profiles`
--

LOCK TABLES `profiles` WRITE;
/*!40000 ALTER TABLE `profiles` DISABLE KEYS */;
INSERT INTO `profiles` VALUES (1,'F',1,'2009-08-12','Port Percymouth','2014-12-09 18:01:12'),(2,'F',1,'1982-05-21','Efrainside','1978-12-18 08:22:36'),(3,'F',1,'1986-07-19','Elissamouth','1984-11-17 08:08:42'),(4,'F',1,'1988-10-30','North Vickychester','1989-04-09 04:34:37'),(5,'F',1,'1980-05-24','Strosinmouth','2020-11-11 05:48:10'),(6,'M',1,'1971-04-02','North Hilton','2003-01-15 06:38:15'),(7,'F',1,'2017-06-06','Jamarton','1971-10-06 16:32:16'),(8,'M',1,'2011-09-30','East Eugeneton','2017-04-12 22:06:29'),(9,'F',1,'1971-10-05','Port Cheyennechester','2017-01-26 08:51:43'),(10,'M',1,'2002-07-04','Alvinachester','2018-05-26 05:17:21'),(11,'F',1,'1990-01-21','Torphyland','2015-04-12 14:22:13'),(12,'M',1,'1984-05-26','South Timmothy','1979-11-29 10:09:49'),(13,'F',1,'2010-08-12','Kaceyside','2020-02-06 21:05:35'),(14,'F',1,'2012-06-20','Port Deion','1996-09-07 18:43:51'),(15,'M',1,'1996-09-02','North Moshe','1978-09-21 05:04:37'),(16,'F',1,'2011-01-03','Destineefurt','2014-07-09 11:41:49'),(17,'M',1,'1992-12-23','West Stephen','2007-01-03 22:25:33'),(18,'M',1,'2009-09-18','North Alexandre','2008-03-09 10:11:19'),(19,'M',1,'1979-09-19','Lake Penelope','2028-12-27 01:33:41'),(20,'M',1,'2010-01-04','South Cooper','1993-11-20 22:50:57'),(21,'M',1,'2012-05-14','East Jaedentown','2025-08-14 05:11:36'),(22,'F',1,'1994-12-11','Traceshire','1978-08-25 23:16:37'),(23,'F',1,'1985-11-12','Mayerstad','1982-01-19 23:49:59'),(24,'M',1,'1987-08-30','West Felicity','2005-12-26 06:20:31'),(25,'M',1,'1995-05-04','New Gabrielle','1987-01-30 10:07:04'),(26,'F',1,'1978-04-14','Labadiemouth','2014-07-15 18:41:22'),(27,'F',1,'1999-09-13','Judsonland','1991-10-27 18:51:03'),(28,'M',1,'1977-10-13','Marceloburgh','1993-09-29 20:13:52'),(29,'F',1,'1996-04-27','Sydneestad','1987-08-31 04:42:16'),(30,'M',1,'1998-05-20','Lake Oswaldburgh','1985-07-30 05:42:50'),(31,'F',1,'2011-11-23','South Mateo','1991-08-07 02:29:23'),(32,'M',1,'2006-08-07','West Elijah','2019-05-28 16:37:28'),(33,'F',1,'1971-11-28','Elfriedaside','2018-03-29 11:33:57'),(34,'F',1,'1976-12-14','Sunnyberg','2009-08-08 19:35:58'),(35,'F',1,'1991-02-25','Lake Nealfort','1998-06-29 12:58:04'),(36,'M',1,'2000-02-25','Matildamouth','1997-09-19 13:20:09'),(37,'F',1,'2017-11-24','Mertzbury','1992-07-01 00:44:49'),(38,'F',1,'1982-03-09','Runolfssonport','2022-08-16 04:22:28'),(39,'F',1,'1980-11-24','Maureenfort','1986-12-09 18:34:07'),(40,'F',1,'1988-08-31','Laurineville','1997-08-21 17:09:16'),(41,'F',1,'2008-03-29','Friesentown','1993-09-26 20:48:42'),(42,'M',1,'2011-02-10','Bartellview','1982-03-11 07:30:24'),(43,'F',1,'1988-10-12','Lianaport','2011-06-26 06:49:05'),(44,'F',1,'2028-04-08','South Aureliaside','2009-06-30 08:05:41'),(45,'F',1,'1970-12-10','New Chadrick','2015-07-24 21:37:18'),(46,'M',1,'1973-01-23','West Clintonmouth','2019-10-19 11:40:59'),(47,'F',1,'2014-03-23','Port Winifredside','1974-03-04 01:06:47'),(48,'M',1,'1978-04-16','Lake Junius','1971-12-19 06:55:31'),(49,'M',1,'1980-09-08','Batzmouth','1977-01-21 04:41:26'),(50,'F',1,'1991-10-08','Elianeton','1999-02-21 08:28:34'),(51,'M',1,'2018-01-18','West Agnes','1992-09-07 02:17:14'),(52,'F',1,'2007-02-02','Kuhnchester','2007-11-11 10:39:48'),(53,'M',1,'2009-08-22','Chaimburgh','1987-05-28 21:10:55'),(54,'M',1,'1970-05-28','Jonatanshire','2003-04-14 17:59:50'),(55,'F',1,'2012-07-26','Port Billie','1976-04-24 23:10:08'),(56,'F',1,'1974-12-18','West Shanna','1979-10-07 17:18:58'),(57,'F',1,'1988-01-08','Lubowitzland','2015-05-15 08:25:55'),(58,'F',1,'1973-06-06','Lake Bryonside','1985-05-16 22:50:51'),(59,'F',1,'1999-07-17','Edwinton','2009-02-07 01:05:59'),(60,'M',1,'2028-12-02','Westleyton','2017-03-18 07:03:57'),(61,'F',1,'1990-02-06','West Vilmachester','1976-12-15 05:40:45'),(62,'M',1,'1979-09-22','Koleberg','1976-11-19 09:58:44'),(63,'F',1,'1978-04-13','Ferryborough','1990-08-08 12:35:31'),(64,'M',1,'1996-03-15','West Alphonso','1980-01-09 20:58:51'),(65,'F',1,'1977-07-18','Lake Keyshawn','1986-11-20 21:59:29'),(66,'F',1,'1989-04-01','Schoenville','1977-06-13 05:37:15'),(67,'M',1,'1998-05-18','Wolfberg','1989-03-07 05:33:39'),(68,'F',1,'2020-11-16','West Antwan','1997-09-20 14:52:13'),(69,'F',1,'2012-07-31','North Sonya','2009-12-30 01:44:57'),(70,'M',1,'1976-12-05','North Maegan','1986-01-05 08:46:28'),(71,'M',1,'2018-06-04','Lake Americachester','1999-05-22 16:08:42'),(72,'M',1,'1973-09-10','Port Jordaneview','1994-01-01 09:12:32'),(73,'F',1,'1980-02-24','Joesphbury','2020-12-17 16:09:56'),(74,'F',1,'1979-09-11','West Raphaelle','1981-01-03 20:41:26'),(75,'M',1,'2020-12-22','Gardnerland','2020-05-16 19:32:40'),(76,'M',1,'1976-01-31','Lorichester','2002-04-11 10:58:46'),(77,'F',1,'2025-05-07','Medhurstville','2003-12-30 12:30:18'),(78,'M',1,'1971-01-28','Lake Wilton','1980-05-07 16:52:15'),(79,'F',1,'2010-06-02','Effertzville','1979-02-21 13:30:09'),(80,'M',1,'1973-05-13','Hansenland','1988-08-18 20:58:54'),(81,'M',1,'1993-01-15','Franciscoton','1973-09-18 06:00:53'),(82,'F',1,'2025-12-27','North Noah','1988-03-19 03:47:56'),(83,'F',1,'2006-05-05','Huelville','1972-07-24 08:05:00'),(84,'F',1,'1977-06-10','East Kacistad','1997-03-09 06:11:51'),(85,'F',1,'1974-03-08','Stephaniefurt','2014-07-02 17:22:04'),(86,'M',1,'2010-07-18','New Vesta','2010-01-11 11:33:10'),(87,'F',1,'1991-10-30','East Jaunita','1980-03-27 17:37:43'),(88,'F',1,'2003-08-12','East Jessycaland','1996-11-28 09:15:32'),(89,'F',1,'2028-09-09','Romagueraville','2009-05-06 14:10:59'),(90,'F',1,'1992-12-16','East Eliane','1986-05-18 12:02:10'),(91,'F',1,'1985-05-08','Port Caroleside','1995-05-16 02:44:23'),(92,'M',1,'1985-10-03','Connieburgh','1984-02-12 09:49:08'),(93,'F',1,'1991-04-19','Port Lucioview','2025-08-22 22:33:47'),(94,'M',1,'2003-03-11','West Sisterberg','2028-02-27 01:56:12'),(95,'M',1,'1981-03-28','South Bernadine','2000-06-26 04:52:42'),(96,'F',1,'1990-01-13','South Abigayle','2005-10-21 02:55:52'),(97,'F',1,'1972-06-30','Bruenland','1986-11-14 20:07:49'),(98,'F',1,'1997-12-30','Lexieport','2014-05-16 07:14:25'),(99,'F',1,'2005-05-23','McCulloughfurt','1989-04-15 10:09:51'),(100,'M',1,'1971-12-05','Smithberg','2022-06-24 13:52:49');
/*!40000 ALTER TABLE `profiles` ENABLE KEYS */;
UNLOCK TABLES;

--
-- Table structure for table `users`
--

DROP TABLE IF EXISTS `users`;
/*!40101 SET @saved_cs_client     = @@character_set_client */;
/*!40101 SET character_set_client = utf8 */;
CREATE TABLE `users` (
  `id` bigint(20) unsigned NOT NULL AUTO_INCREMENT,
  `firstname` varchar(100) COLLATE utf8mb4_unicode_ci DEFAULT NULL,
  `lastname` varchar(100) COLLATE utf8mb4_unicode_ci DEFAULT NULL,
  `email` varchar(100) COLLATE utf8mb4_unicode_ci DEFAULT NULL,
  `phone` bigint(20) unsigned DEFAULT NULL,
  `password_hash` varchar(512) COLLATE utf8mb4_unicode_ci DEFAULT NULL,
  PRIMARY KEY (`id`),
  UNIQUE KEY `email` (`email`),
  UNIQUE KEY `phone` (`phone`),
  KEY `index_of_username` (`firstname`,`lastname`)
) ENGINE=InnoDB AUTO_INCREMENT=101 DEFAULT CHARSET=utf8mb4 COLLATE=utf8mb4_unicode_ci;
/*!40101 SET character_set_client = @saved_cs_client */;

--
-- Dumping data for table `users`
--

LOCK TABLES `users` WRITE;
/*!40000 ALTER TABLE `users` DISABLE KEYS */;
INSERT INTO `users` VALUES (1,'Haleigh','Ruecker','kuhic.roy@example.com',61478701068,'6e9c0707815fbf1bfb082b0ab4745816a4618481'),(2,'Austyn','Veum','skiles.elena@example.net',99154746408,'d3da7646db9d0fa2a295915e98602a6056e47abe'),(3,'Julian','Baumbach','kuhn.jennyfer@example.net',36025782053,'83de1417a8550f0306a13ac6fe84c237deb44a6b'),(4,'Adaline','Langosh','maureen.schmidt@example.net',70828302328,'c1bd3308bbbbe6cedd0ad39bb78bf3a709ad50b8'),(5,'Cory','Nader','mueller.rosendo@example.com',18171616891,'d5bdf905407b9b5c7f376dbe3abaa6f07311bb44'),(6,'Elisabeth','Bauch','keely21@example.org',16348637764,'20c3b8248249b1ceff73e0444382e8df276cda42'),(7,'Joshua','Swift','ocie08@example.org',36605023013,'a59891ec5ae1c7d7cea779d0a2f3df80e97c8952'),(8,'Bonnie','Heaney','krystina.bergnaum@example.com',74498190523,'b564b5a2f76ab0757b7a80ce6f4af60db8d85f9c'),(9,'Sigurd','Bechtelar','crystel82@example.net',43745539047,'9d644cd89d198332fb2fa726bb335818a5b4bd9e'),(10,'Flossie','Klocko','arogahn@example.net',44044759331,'ffbaebf0a93bf4b13bfaecd8403dc5c0d9a8a454'),(11,'Walter','Dach','fritchie@example.net',40119996294,'797233983430b8a2efa0567d02fdd5f91ba6c537'),(12,'Shanie','Glover','veda69@example.com',48957226922,'f46cb0da38a40d6f8fbec3feafe998b2eaa83602'),(13,'Solon','Goldner','mdibbert@example.net',18915638534,'75511fd15a6cb0811d1c0e40075a85c87f6b3be3'),(14,'Greta','Trantow','cordelia.grady@example.com',47994099102,'857e636e7bf4f906e6445db1615852ded959ceff'),(15,'Mateo','Koelpin','ronaldo00@example.net',13400917003,'872e2274b53d125d3265348c7b03fd82693bea2c'),(16,'Napoleon','Denesik','qmurray@example.com',28333739522,'f5aa4c164db959b3e1f031d034ee83cd859db3ab'),(17,'Tomasa','Ruecker','ernser.luther@example.com',23036876734,'9f6a0557235d5c86c81f023fcacaa532c4e87a2e'),(18,'Madge','Bernhard','hstiedemann@example.net',36832161868,'ffdfacc440e61714fc1937c11947c5ccd2eeba30'),(19,'Nat','Pollich','schinner.kody@example.net',15276817273,'044bebc765dec5f4cc710403c29c2062bda343a5'),(20,'Jovan','Abbott','satterfield.joey@example.net',51554255725,'a30c658c7a5cdfe0c5e6fec656ea03a7f68b3e0c'),(21,'Liana','DuBuque','ckertzmann@example.com',95525106580,'eea59f1dac333e55bbe6cdb42146b387758e3c87'),(22,'Salvatore','Lindgren','bauch.molly@example.com',40539726449,'828658e5b4d90c4fb18e64c0b18ede6113118d16'),(23,'Cicero','Sawayn','vbeatty@example.com',29526782408,'e46d4722b2cf80052a1fa6af8f9d2e426a5fcbf5'),(24,'Patrick','Tromp','watsica.lucie@example.net',37966232125,'c4b195cc703fa333eb54e05fd7f2a2d2b051767d'),(25,'Hayden','Kutch','melisa.roob@example.com',58490506476,'0d851655d0e2600ab257d891504b279e253c8e51'),(26,'Ashton','Fisher','mstanton@example.org',56190511542,'0d4f41825ee1419e6b4b39094937d167647cb388'),(27,'Cleve','Nicolas','rahsaan.deckow@example.com',57202131052,'b50eb9dbe94b0359c3fe1b2533638afd18914688'),(28,'Mackenzie','Leuschke','damion.friesen@example.net',47915544319,'097adcf53bcadc12261dc79dbb7b145912086df6'),(29,'Matilde','Barrows','bwolf@example.net',15324887964,'0f6048542f68bb6c6999a06b9adcfe27aad7aabc'),(30,'Matilde','Koepp','terry.abagail@example.com',18959328987,'b7e404151141bade08136c2785be737e68563988'),(31,'Halie','Emard','pdurgan@example.com',95292376064,'7903756ed3d0e1ef18aa6a7f014255f0854c057d'),(32,'Quinn','Balistreri','ada.maggio@example.org',67967424003,'d1ba0b5d4bd46281080130a175dc3386fc4cb95e'),(33,'Elfrieda','Greenholt','nmoen@example.net',51877793338,'dc8af3705e693e30ef560e4fd1316e74546b66b8'),(34,'Devon','Greenholt','burnice.yost@example.org',57941641658,'d6ef65656425d9c49b146484d927e4316153936f'),(35,'Willy','Oberbrunner','thompson.sigurd@example.net',15844001289,'bb83455502c150629daa83836caf706bd8ce850a'),(36,'Art','Paucek','schimmel.frances@example.com',72620824186,'d86a4012842edfa55a4d4ea690fe406f738bd17b'),(37,'Eli','Wunsch','olangworth@example.org',73476016976,'14a8236830a4613fae238c297b6339847e8b720f'),(38,'Jonatan','Lehner','wgoyette@example.org',12860579374,'c14be46fbfb750835109f2b09ed0f0912a357e6a'),(39,'Mossie','Wiegand','fmurazik@example.com',13393458309,'a16084ee129ccb72ca1618e41fd29e497dfdba80'),(40,'Willard','Kunde','bogan.foster@example.net',90111747259,'57fe7916d5f43a29fb66f7de666f16d462f0c253'),(41,'Elvis','Wilkinson','jschaefer@example.net',92998127018,'d70c75f37ff923b1d71526cd78ef7a4eff195097'),(42,'Nicholaus','D\'Amore','jacobson.donald@example.net',60356852494,'3d19cd7c2c8b418b4f5f99da902b097c55bd884d'),(43,'Gertrude','Farrell','ned71@example.com',98495749301,'8eb6c8e2062a22a23ba7a4092c7e63fc5378529e'),(44,'Violet','Hodkiewicz','josue28@example.com',12400965971,'b37efc9d7a16707b4522423014a9c997c47969a6'),(45,'Freida','Blanda','pprice@example.com',18971490652,'f4eebd0f15335caf72053d6b51b761c70d66669e'),(46,'Maritza','Romaguera','zwill@example.org',35369283374,'383a31be51883d0cae89d5ebb71361715aac6642'),(47,'Giovani','Bahringer','autumn.sauer@example.com',25076064632,'dc7996f3999f6791ac9754a64b226c133b7ef9c4'),(48,'Nannie','Leffler','germaine.stokes@example.com',46963806326,'c3dcc7cf5240d81b491ae25649634dd7b3de3b7e'),(49,'Urban','Schinner','emily.carroll@example.net',68932878971,'eea789da1ca7ea9635c88c373334677a0946c98f'),(50,'Mercedes','Jerde','wunsch.heber@example.org',46242557465,'b441922dd27f09d7e80d12f8c70afa318e52224a'),(51,'Bridget','Kohler','melody.morar@example.net',47702952681,'2e7250c17b416269a324cf0b3118e2a4c6079dc8'),(52,'Kirk','Schneider','river.schinner@example.com',62702065954,'bf1eb496d59f7bfceaba23cb8eeb51219cb7aab1'),(53,'Arvel','Blanda','ujacobs@example.net',24598613588,'84c6273c66d55fd14458bedf33419079ee0d50a9'),(54,'Isom','Flatley','marion.rippin@example.net',72465223984,'c22e835e9037a515b36f0e5c59a1e7488269a405'),(55,'Haskell','Schoen','adolph46@example.org',25225963691,'5c37d7048eccc99049a433fad26d2074fa527977'),(56,'Kaylee','Jakubowski','jeanne94@example.net',77149407482,'5307983009e7f0319d9ef7e7952889dd2476e840'),(57,'Everette','Wilderman','kshields@example.com',25588343706,'e677db8271297c6d669298b461cbaf39e0ac2f46'),(58,'Filomena','Bruen','lhauck@example.org',80046663309,'2bc532fe9af99fc0a2145afe0467984e89923f11'),(59,'Daren','Brown','welch.stan@example.com',26519719635,'68d80fc64928ea98d89f780657f0c7b9288b0dc7'),(60,'Maddison','Kuhn','roosevelt67@example.com',77902309348,'408ecb37e4313c69247a5b42c5b4db31d8c36012'),(61,'Krystel','Hodkiewicz','tmclaughlin@example.org',77821213296,'bd4082fe9b6a74d8300bbc55da19f693bc5a2422'),(62,'Kevin','Friesen','bkoelpin@example.net',86945835749,'704359edad21a2fc52021952272d453d7d1d1053'),(63,'Alyson','Harvey','dsmitham@example.net',27891226154,'e01b51559903eb87035ce984d19041f13e426133'),(64,'Destini','Marvin','anissa33@example.com',58906523510,'1731ea711bd2c767c250e0d1c80275c8ab27139f'),(65,'Milton','Gutkowski','jlarkin@example.net',74839706470,'7451f3152cca27e3429bf8d644bf05d032483c44'),(66,'Kellie','Mohr','keira15@example.com',77021079551,'94bcc56e9373f7c5d03800b8ba02e2000df20c3e'),(67,'Lenora','Crooks','mike.cartwright@example.org',88664853821,'2ddd519e69d5cb97bee078387e2feddd40b7d6e7'),(68,'Jocelyn','Kuhn','jerde.alanna@example.com',23138600008,'8c741ec38af4888f3776a7e70603cbf43a033097'),(69,'London','Kirlin','schmeler.josefina@example.net',81940702473,'0f2873484954ed17bf8ddb7ff6d5b6a26496c76c'),(70,'Cletus','Hermann','dallas.hauck@example.net',41688835206,'44402a19ebcb0cdc8928968e01719694a59fdab2'),(71,'Earnest','Balistreri','pansy.leuschke@example.net',70225886793,'45acf2fd1b11f9b3c122c1006d043ef822426072'),(72,'Nathen','Wuckert','lheathcote@example.net',69693783505,'9ba79dbd90b482470285ceb05f076cadf1aeac7a'),(73,'Carmelo','Nader','mkulas@example.org',53860383729,'68bc616cf1ad8df92af0560ee4ca85d27982beba'),(74,'Bernardo','Gulgowski','sven17@example.net',46202881013,'91d579f89711611bd96ff9d48887f84e7cc40b87'),(75,'Winston','Hettinger','santina.crist@example.org',11842685027,'c36309a06006ad1994ed9a5ff6bae1d766adc8f4'),(76,'Corrine','Connelly','jkassulke@example.org',92638617340,'100942c7e0ed97c0b9e28a901fb8005b4382154c'),(77,'Yazmin','Kub','mohr.porter@example.org',52592588795,'0f7e6279457c8d44b1e743a88592b63029e54886'),(78,'Samanta','Jones','mwalker@example.net',58683453334,'d7bbb345aaa997bdb342149536acb5fd15b18b63'),(79,'Angie','Johns','greta.klein@example.net',38865649286,'4ef38ce23db98e66cde126939ac6f5801a61f37a'),(80,'Jackie','Rolfson','corkery.claire@example.org',21229038759,'f1acef6946cf345605f5d77c9c3df855f3ccf178'),(81,'Maurice','Grady','mante.tyree@example.net',31158128297,'c89bc7f25dcdf591576dbfe9d692071c073872cc'),(82,'Antonette','Shields','reginald32@example.org',79342187609,'13f4558830aec53dc3232d823b0d46131ef4586b'),(83,'Flossie','Klocko','karl13@example.com',88848941814,'5a5c7f4e02769d370831c6c0d5c1cf5b3043d3df'),(84,'Alfonzo','Kutch','davon.graham@example.org',55062952058,'cc633d21c133f83260bc94bca1723a8b26f3f437'),(85,'Wilfredo','McKenzie','jeffery.greenholt@example.org',36975548499,'a837c4c85c56befea820a2f597b1e0a86ef8bca6'),(86,'Sincere','Beer','dagmar97@example.net',58137806918,'d7601efb71332cdb9b297b404fea137666a93682'),(87,'Roger','Deckow','mason82@example.com',87656148067,'809bbe238a7694ad5d34ca67ad6e8215b2bf8fed'),(88,'Omari','Hermiston','jaime.dach@example.com',34186503415,'30bc5149d6b8abfd7eca54ba85ce45304650d6b9'),(89,'Walter','Ward','ajohnson@example.com',93436642570,'d5b849b44ddcc220187bbcbdcf0cb62a9b8ce50e'),(90,'Kari','Lehner','morar.juanita@example.org',26723847289,'4b36fc5d6b44ed09706fc6255332161cadac328e'),(91,'Ricky','Kozey','oo\'kon@example.com',89524252174,'20cd9a075720d09b3377352d8c0fba3fb151089a'),(92,'Sally','Turcotte','gislason.crystel@example.net',63353934511,'d712dab5298c86e65f69036cb6e575a4649babc8'),(93,'Adolph','Boyle','treynolds@example.com',38894429554,'b9a81451e3f1d996053ea693cf943eef4d03ad22'),(94,'Fred','Shanahan','aylin40@example.org',26795764225,'fa3f62ac98475a272fc08a4f980d133dbbba906f'),(95,'Guiseppe','Kessler','turner.rahsaan@example.com',53428512852,'0f9c943ce0aeeddf4480f7db2f7f5cbda0bad299'),(96,'Ora','Boehm','fstroman@example.net',32680379392,'60649b86a50d0f6eb39736bec681a8237593ae3f'),(97,'Elisha','Grant','ystrosin@example.com',13556559839,'ede4588960f64bc3513911a1fd08421e7bde7496'),(98,'America','Welch','pearlie99@example.net',89778696704,'1e6bf6c2e28d217fe3ef93540fc361b9f77979eb'),(99,'Christelle','Dickens','bwilkinson@example.net',36245327732,'4b34bb597079ddc95e6060075f4dfedcb36af2e9'),(100,'Lafayette','Batz','kraig.strosin@example.com',71222628735,'ac447487d3d20c93d4bbd9061086303cf4926bce');
/*!40000 ALTER TABLE `users` ENABLE KEYS */;
UNLOCK TABLES;

--
-- Table structure for table `users_communities`
--

DROP TABLE IF EXISTS `users_communities`;
/*!40101 SET @saved_cs_client     = @@character_set_client */;
/*!40101 SET character_set_client = utf8 */;
CREATE TABLE `users_communities` (
  `user_id` bigint(20) unsigned NOT NULL,
  `community_id` bigint(20) unsigned NOT NULL,
  KEY `user_id` (`user_id`),
  KEY `community_id` (`community_id`),
  CONSTRAINT `users_communities_ibfk_1` FOREIGN KEY (`user_id`) REFERENCES `users` (`id`),
  CONSTRAINT `users_communities_ibfk_2` FOREIGN KEY (`community_id`) REFERENCES `communities` (`id`)
) ENGINE=InnoDB DEFAULT CHARSET=utf8mb4 COLLATE=utf8mb4_unicode_ci;
/*!40101 SET character_set_client = @saved_cs_client */;

--
-- Dumping data for table `users_communities`
--

LOCK TABLES `users_communities` WRITE;
/*!40000 ALTER TABLE `users_communities` DISABLE KEYS */;
INSERT INTO `users_communities` VALUES (1,88),(2,31),(3,59),(4,43),(5,65),(6,20),(7,25),(8,52),(9,8),(10,95),(11,3),(12,77),(13,15),(14,80),(15,64),(16,88),(17,7),(18,71),(19,82),(20,99),(21,57),(22,51),(23,95),(24,90),(25,6),(26,52),(27,4),(28,39),(29,58),(30,16),(31,61),(32,3),(33,70),(34,81),(35,39),(36,55),(37,68),(38,50),(39,29),(40,16),(41,23),(42,12),(43,36),(44,11),(45,36),(46,81),(47,8),(48,20),(49,18),(50,6),(51,61),(52,46),(53,59),(54,21),(55,58),(56,64),(57,75),(58,63),(59,66),(60,88),(61,45),(62,91),(63,33),(64,16),(65,36),(66,35),(67,70),(68,73),(69,33),(70,69),(71,95),(72,40),(73,59),(74,30),(75,99),(76,43),(77,78),(78,5),(79,64),(80,66),(81,78),(82,53),(83,64),(84,35),(85,68),(86,90),(87,77),(88,51),(89,89),(90,48),(91,78),(92,99),(93,1),(94,14),(95,6),(96,18),(97,78),(98,20),(99,78),(100,100);
/*!40000 ALTER TABLE `users_communities` ENABLE KEYS */;
UNLOCK TABLES;
/*!40103 SET TIME_ZONE=@OLD_TIME_ZONE */;

/*!40101 SET SQL_MODE=@OLD_SQL_MODE */;
/*!40014 SET FOREIGN_KEY_CHECKS=@OLD_FOREIGN_KEY_CHECKS */;
/*!40014 SET UNIQUE_CHECKS=@OLD_UNIQUE_CHECKS */;
/*!40101 SET CHARACTER_SET_CLIENT=@OLD_CHARACTER_SET_CLIENT */;
/*!40101 SET CHARACTER_SET_RESULTS=@OLD_CHARACTER_SET_RESULTS */;
/*!40101 SET COLLATION_CONNECTION=@OLD_COLLATION_CONNECTION */;
/*!40111 SET SQL_NOTES=@OLD_SQL_NOTES */;

-- Dump completed on 2021-03-06 12:05:03
