-- MariaDB dump 10.17  Distrib 10.4.15-MariaDB, for Linux (x86_64)
--
-- Host: mysql.hostinger.ro    Database: u574849695_25
-- ------------------------------------------------------
-- Server version	10.4.15-MariaDB-cll-lve

/*!40101 SET @OLD_CHARACTER_SET_CLIENT=@@CHARACTER_SET_CLIENT */;
/*!40101 SET @OLD_CHARACTER_SET_RESULTS=@@CHARACTER_SET_RESULTS */;
/*!40101 SET @OLD_COLLATION_CONNECTION=@@COLLATION_CONNECTION */;
/*!40101 SET NAMES utf8mb4 */;
/*!40103 SET @OLD_TIME_ZONE=@@TIME_ZONE */;
/*!40103 SET TIME_ZONE='+00:00' */;
/*!40014 SET @OLD_UNIQUE_CHECKS=@@UNIQUE_CHECKS, UNIQUE_CHECKS=0 */;
/*!40014 SET @OLD_FOREIGN_KEY_CHECKS=@@FOREIGN_KEY_CHECKS, FOREIGN_KEY_CHECKS=0 */;
/*!40101 SET @OLD_SQL_MODE=@@SQL_MODE, SQL_MODE='NO_AUTO_VALUE_ON_ZERO' */;
/*!40111 SET @OLD_SQL_NOTES=@@SQL_NOTES, SQL_NOTES=0 */;

DROP DATABASE IF EXISTS shop;
CREATE DATABASE shop;

USE shop;

--
-- Table structure for table `catalogs`
--

DROP TABLE IF EXISTS `catalogs`;
/*!40101 SET @saved_cs_client     = @@character_set_client */;
/*!40101 SET character_set_client = utf8 */;
CREATE TABLE `catalogs` (
  `id` bigint(20) unsigned NOT NULL AUTO_INCREMENT,
  `name` varchar(255) COLLATE utf8mb4_unicode_ci DEFAULT NULL COMMENT 'Название раздела',
  PRIMARY KEY (`id`),
  UNIQUE KEY `unique_name` (`name`(10))
) ENGINE=InnoDB AUTO_INCREMENT=21 DEFAULT CHARSET=utf8mb4 COLLATE=utf8mb4_unicode_ci COMMENT='Разделы интернет-магазина';
/*!40101 SET character_set_client = @saved_cs_client */;

--
-- Dumping data for table `catalogs`
--

LOCK TABLES `catalogs` WRITE;
/*!40000 ALTER TABLE `catalogs` DISABLE KEYS */;
INSERT INTO `catalogs` VALUES (1,'quo'),(2,'dolores'),(3,'nemo'),(4,'aut'),(5,'laborum'),(6,'nobis'),(7,'ex'),(8,'autem'),(9,'perferendis'),(10,'recusandae'),(11,'maiores'),(12,'qui'),(13,'cum'),(14,'saepe'),(15,'suscipit'),(16,'culpa'),(17,'quas'),(18,'nihil'),(19,'velit'),(20,'sint');
/*!40000 ALTER TABLE `catalogs` ENABLE KEYS */;
UNLOCK TABLES;

--
-- Table structure for table `discounts`
--

DROP TABLE IF EXISTS `discounts`;
/*!40101 SET @saved_cs_client     = @@character_set_client */;
/*!40101 SET character_set_client = utf8 */;
CREATE TABLE `discounts` (
  `id` bigint(20) unsigned NOT NULL AUTO_INCREMENT,
  `user_id` int(10) unsigned DEFAULT NULL,
  `product_id` int(10) unsigned DEFAULT NULL,
  `discount` float unsigned DEFAULT NULL COMMENT 'Величина скидки от 0.0 до 1.0',
  `started_at` datetime DEFAULT NULL,
  `finished_at` datetime DEFAULT NULL,
  `created_at` datetime DEFAULT current_timestamp(),
  `updated_at` datetime DEFAULT current_timestamp() ON UPDATE current_timestamp(),
  PRIMARY KEY (`id`),
  KEY `index_of_user_id` (`user_id`),
  KEY `index_of_product_id` (`product_id`)
) ENGINE=InnoDB AUTO_INCREMENT=101 DEFAULT CHARSET=utf8mb4 COLLATE=utf8mb4_unicode_ci COMMENT='Скидки';
/*!40101 SET character_set_client = @saved_cs_client */;

--
-- Dumping data for table `discounts`
--

LOCK TABLES `discounts` WRITE;
/*!40000 ALTER TABLE `discounts` DISABLE KEYS */;
INSERT INTO `discounts` VALUES (1,1,1,3,'2007-09-10 23:22:38','2018-10-17 11:33:24','2018-03-06 16:54:01','2009-06-04 00:48:23'),(2,2,2,326,'1981-08-13 07:54:08','2009-04-19 09:44:35','2016-05-28 08:18:46','2005-06-23 07:13:20'),(3,3,3,875362000,'1976-04-24 17:37:04','1985-05-30 10:06:45','2009-10-28 12:15:33','1974-07-24 14:50:56'),(4,4,4,3,'2005-12-04 21:04:01','1992-02-17 16:36:08','1993-11-30 12:39:44','2019-05-14 09:09:31'),(5,5,5,893,'2018-03-02 23:11:47','1998-01-27 00:09:50','1971-01-05 07:57:25','2002-12-15 06:32:45'),(6,6,6,10519,'2018-01-10 10:43:39','1983-01-12 13:17:14','2003-11-27 23:29:51','1994-12-06 22:23:45'),(7,7,7,855,'1980-01-22 03:01:21','2006-09-21 06:07:43','1995-01-03 09:22:49','1976-03-07 05:00:54'),(8,8,8,0,'1975-08-31 22:37:36','2009-08-25 22:12:17','1996-07-14 12:56:54','2002-01-22 15:32:26'),(9,9,9,528980000,'1983-07-28 07:38:53','2016-01-17 23:44:09','1974-10-14 19:38:24','1999-04-02 15:08:20'),(10,10,10,11052000,'1979-05-14 20:08:00','1972-08-22 22:50:15','1996-04-13 07:21:10','2016-08-09 03:14:52'),(11,11,11,9,'2019-12-17 18:40:54','2020-06-23 17:37:09','1972-07-11 09:57:28','1988-07-13 20:26:49'),(12,12,12,82,'1987-08-13 13:00:33','1987-07-30 22:13:00','1978-11-01 18:33:23','2013-09-04 15:23:35'),(13,13,13,827,'1974-08-21 18:57:32','2001-08-14 04:36:16','1970-09-14 20:05:46','2006-04-26 00:15:17'),(14,14,14,77551,'2014-06-04 04:49:19','1997-01-05 23:03:20','1975-02-10 16:11:48','1986-03-24 22:02:47'),(15,15,15,50426,'1995-08-10 10:30:11','1991-07-18 05:22:01','2015-01-29 20:11:03','1976-03-08 12:06:59'),(16,16,16,95271800,'2016-07-29 00:15:00','1983-11-22 10:00:47','1988-04-10 08:41:06','1972-02-23 04:54:47'),(17,17,17,25,'2012-11-23 10:46:40','2001-10-25 04:18:15','2009-04-06 16:43:36','1972-10-21 13:49:26'),(18,18,18,477367000,'1979-05-16 13:48:50','2014-01-21 14:04:02','2002-09-02 06:15:38','1974-01-08 12:15:05'),(19,19,19,23303900,'2008-05-12 09:59:10','1979-07-08 10:46:50','2006-03-30 06:34:48','2020-04-09 13:17:36'),(20,20,20,0,'1974-07-14 20:16:40','2013-10-04 13:36:17','1996-09-11 17:27:08','1992-12-03 15:56:24'),(21,21,21,56780400,'1974-09-17 03:32:48','2003-08-17 11:31:14','1991-03-05 15:43:18','1989-11-08 22:15:56'),(22,22,22,83945000,'2016-08-15 15:05:21','1992-12-23 00:51:41','1998-03-14 19:07:25','1986-05-27 15:34:35'),(23,23,23,751414000,'1977-12-15 09:34:32','1985-01-29 22:30:41','2000-12-23 04:23:35','1998-02-08 01:32:51'),(24,24,24,0,'1980-07-13 07:08:15','1989-10-08 02:18:29','1983-07-23 16:39:27','2001-04-15 00:56:30'),(25,25,25,844997,'1983-09-05 06:16:50','1971-06-26 00:24:12','1978-04-09 12:41:48','2015-10-19 20:37:55'),(26,26,26,57802,'2001-05-29 17:06:15','1988-04-04 05:29:29','2001-10-25 23:54:22','2005-06-14 05:47:57'),(27,27,27,0,'1982-12-23 03:50:54','1973-07-14 16:45:03','1980-01-21 16:29:49','2009-02-20 22:49:22'),(28,28,28,8,'2021-02-23 01:50:13','1990-06-16 08:05:34','1996-12-14 18:51:46','2019-10-25 02:18:13'),(29,29,29,38,'2012-09-16 13:20:33','2005-04-13 20:50:14','1982-06-20 12:48:53','1985-02-12 03:52:01'),(30,30,30,901707,'2004-04-10 13:03:32','1978-10-24 01:57:23','1979-08-06 02:26:41','2000-10-28 15:48:04'),(31,31,31,24664,'1988-07-26 20:17:46','2006-02-13 08:41:42','2009-01-21 19:29:41','2006-01-24 17:23:55'),(32,32,32,7412280,'1990-09-28 03:20:45','2011-09-30 17:28:50','1993-09-15 11:30:57','1972-08-13 22:28:26'),(33,33,33,5309430,'1992-06-16 03:37:51','1982-09-29 01:17:58','2016-06-30 16:33:39','1971-06-17 19:33:42'),(34,34,34,61990900,'1988-09-23 13:54:08','1996-06-24 16:29:22','1970-07-11 07:03:56','1989-08-20 18:30:29'),(35,35,35,2,'1987-07-13 23:14:37','1984-10-01 20:18:10','1999-10-29 06:04:24','1977-02-28 18:39:13'),(36,36,36,81941200,'2017-01-05 07:06:06','1992-05-21 07:15:36','1992-10-24 14:13:57','1980-12-12 21:33:42'),(37,37,37,0,'1985-10-29 18:58:37','2010-03-30 05:41:40','1990-11-22 12:51:57','2017-01-04 17:04:01'),(38,38,38,84,'1998-01-04 04:40:27','2014-03-17 19:34:17','1982-01-14 22:15:08','1988-08-30 16:06:14'),(39,39,39,612512,'1978-02-24 13:52:07','1984-05-17 04:15:35','2002-01-24 18:02:49','1994-03-15 21:40:26'),(40,40,40,86,'2001-01-18 12:00:29','2000-03-26 17:05:35','2000-10-29 08:14:53','2014-10-23 18:44:32'),(41,41,41,19589,'1981-12-07 13:14:12','1978-02-18 12:34:23','2016-11-26 22:52:02','2008-04-24 04:00:23'),(42,42,42,4098,'1975-08-11 06:25:27','1974-05-17 03:26:17','2003-07-24 23:03:18','1984-09-14 18:27:33'),(43,43,43,397,'1996-10-27 10:17:07','1980-03-26 14:27:23','2003-03-31 06:50:37','1972-05-07 11:06:55'),(44,44,44,728066000,'1987-11-08 09:00:54','2005-03-30 12:50:33','2015-03-01 19:17:11','1996-12-12 10:40:06'),(45,45,45,59299300,'1991-02-03 11:51:20','2000-10-25 19:04:04','2015-06-19 02:14:29','1992-01-01 00:19:08'),(46,46,46,4168480,'2019-04-04 22:08:16','2018-10-15 23:45:21','2001-07-19 18:14:14','1991-09-09 01:19:36'),(47,47,47,22813200,'2003-10-06 21:53:20','2005-02-24 21:19:48','1974-04-05 21:04:52','1971-10-17 11:54:27'),(48,48,48,142611,'1998-01-29 13:18:28','1970-11-20 16:46:16','1991-02-13 09:34:22','1992-11-02 05:02:09'),(49,49,49,0,'2019-09-08 16:06:23','1992-09-25 10:19:40','1992-10-18 18:02:14','1986-11-10 22:10:46'),(50,50,50,92,'2005-11-20 08:57:41','1988-05-18 08:19:07','2012-01-14 18:19:08','1998-12-17 01:33:43'),(51,51,51,2,'1971-04-07 00:59:42','2012-01-24 19:17:19','2012-01-07 07:57:27','1994-04-29 19:29:38'),(52,52,52,8,'2019-03-29 00:43:20','1971-10-22 15:00:41','2012-10-22 18:55:29','1982-05-30 19:03:09'),(53,53,53,0,'1997-07-08 01:54:34','1984-04-18 07:19:16','1975-06-22 12:31:41','1985-12-13 19:07:18'),(54,54,54,892,'1978-12-02 18:01:34','1995-08-07 11:38:18','2014-06-08 16:01:25','2018-03-06 06:03:05'),(55,55,55,1249,'1995-05-12 17:06:22','1990-02-08 01:16:38','1977-08-23 21:38:33','1993-03-11 12:17:21'),(56,56,56,9,'2008-12-30 03:58:34','1991-08-22 16:34:06','1982-02-16 11:22:13','1988-07-17 18:26:47'),(57,57,57,30099,'1998-11-25 06:08:44','2017-04-22 06:05:16','2015-05-18 03:22:05','1996-01-05 04:55:04'),(58,58,58,1942640,'1974-02-02 09:41:40','1992-10-04 14:57:02','1994-02-28 18:17:56','2015-12-11 04:57:06'),(59,59,59,6,'1976-10-13 04:27:43','2013-07-14 14:25:57','1986-05-20 03:26:41','2017-07-08 01:52:34'),(60,60,60,35351,'2017-09-16 10:20:06','1975-07-28 22:04:12','1971-01-16 15:09:27','2010-07-19 10:19:13'),(61,61,61,221479000,'2021-01-30 16:41:08','2020-02-20 02:46:24','2003-10-30 21:04:45','2011-08-31 09:35:56'),(62,62,62,12188700,'1970-12-13 08:40:04','1979-02-17 07:59:18','1994-04-08 02:38:33','2002-07-06 14:30:21'),(63,63,63,874,'1992-07-22 08:38:53','1971-11-18 07:08:04','2009-03-06 23:09:44','1989-10-26 08:53:01'),(64,64,64,948370000,'1995-08-14 16:43:09','1990-12-24 06:46:53','2020-01-08 17:16:53','1992-02-23 16:48:28'),(65,65,65,64,'1974-07-07 13:06:39','1993-09-18 12:56:37','2008-04-10 03:40:31','1995-03-25 03:26:13'),(66,66,66,0,'1993-01-15 10:09:16','2010-07-06 06:26:01','2017-05-27 17:43:05','2001-08-20 00:04:05'),(67,67,67,56764900,'2019-10-07 19:06:36','1980-11-19 09:36:49','2011-08-09 11:02:30','1990-08-08 14:39:23'),(68,68,68,780,'2000-09-30 03:02:35','1990-03-11 10:10:24','1992-09-21 12:14:59','2011-03-26 12:27:35'),(69,69,69,7066010,'2019-10-11 23:10:16','2009-09-21 22:10:59','2012-08-24 01:02:36','1986-10-12 17:37:22'),(70,70,70,71820900,'1997-01-03 00:11:23','1983-08-14 12:10:47','1972-07-17 06:05:21','1976-02-09 00:08:23'),(71,71,71,6760820,'1984-08-04 00:40:17','2007-11-27 18:44:14','1984-01-14 21:59:30','1991-06-04 06:04:24'),(72,72,72,400884,'2006-08-19 09:15:51','2014-04-29 05:42:00','1997-08-10 17:35:07','1981-10-30 13:07:02'),(73,73,73,0,'1998-03-04 21:16:46','1979-04-02 07:11:51','1986-09-08 05:54:43','2013-05-11 23:46:41'),(74,74,74,4948570,'1997-05-25 08:38:17','2003-05-03 15:31:45','1970-02-12 21:15:23','1996-05-04 20:20:51'),(75,75,75,2328,'1989-10-11 08:49:22','1976-08-08 09:18:55','1978-05-24 02:23:14','1977-02-01 18:40:49'),(76,76,76,8745060,'1989-02-10 09:07:02','1977-05-23 04:00:02','2018-11-16 12:07:33','2017-03-19 22:17:21'),(77,77,77,130,'1996-06-20 20:11:10','1980-03-05 20:39:43','2005-09-13 23:34:08','1988-11-21 00:17:12'),(78,78,78,901,'1988-03-30 22:17:01','1977-08-06 00:43:57','1979-03-20 13:01:16','1971-09-21 20:02:13'),(79,79,79,74863900,'1992-10-31 13:40:54','1999-03-02 20:23:33','1982-05-04 02:53:24','1974-09-07 06:09:25'),(80,80,80,9548,'1976-11-05 09:58:30','1993-05-17 22:10:44','2015-03-26 08:25:12','1981-01-24 04:32:51'),(81,81,81,5599,'2020-07-23 03:31:56','2014-07-31 09:46:31','1978-05-24 15:19:24','1970-03-29 17:39:07'),(82,82,82,84,'1970-04-18 16:21:10','1999-01-26 09:32:13','1995-09-09 20:51:37','2000-11-26 10:26:17'),(83,83,83,923519,'1999-09-06 19:38:42','1971-04-12 08:52:33','1977-02-12 14:07:10','1986-02-27 01:18:58'),(84,84,84,172843000,'2001-04-10 12:48:34','1992-01-13 15:05:56','1995-05-09 11:27:02','1986-10-25 01:16:45'),(85,85,85,45023,'2000-11-13 05:42:36','1990-11-05 18:41:04','2010-12-20 23:05:40','2018-04-22 09:58:06'),(86,86,86,5924310,'1984-04-27 18:57:58','1984-01-31 15:37:15','1977-07-19 10:28:25','2005-08-09 13:51:37'),(87,87,87,2068,'2016-12-22 17:55:23','2006-01-06 14:05:48','1988-02-09 05:26:48','1987-09-20 10:30:56'),(88,88,88,21407600,'1996-11-20 15:04:22','2000-10-25 02:27:36','1979-11-11 22:37:03','1976-05-09 09:24:37'),(89,89,89,0,'1987-07-05 03:13:45','1978-10-17 12:19:29','2014-08-04 02:26:58','2020-05-05 21:10:07'),(90,90,90,76821200,'2014-12-25 15:04:41','1979-10-23 20:40:10','2010-06-17 02:11:49','1978-11-11 11:16:06'),(91,91,91,0,'1992-07-04 00:25:13','1972-10-14 01:46:21','1988-07-04 05:35:18','1970-08-12 17:15:44'),(92,92,92,80157400,'1975-03-24 19:40:39','2003-10-27 05:09:15','1994-10-09 14:45:07','1981-05-18 02:47:21'),(93,93,93,82867000,'2011-07-30 16:19:00','1994-07-09 14:27:17','2003-10-23 01:13:31','2010-02-08 16:41:50'),(94,94,94,7197900,'1978-01-02 13:43:44','1988-04-30 01:40:01','1999-07-18 09:49:14','2013-10-07 16:38:23'),(95,95,95,7486,'1987-11-04 02:53:03','1992-04-30 08:10:03','1993-06-01 13:32:23','2007-03-20 14:48:05'),(96,96,96,71540,'1995-04-26 22:17:25','1973-07-10 14:01:07','2018-12-05 13:58:12','2015-04-18 14:32:00'),(97,97,97,0,'1997-06-03 20:47:03','1995-10-20 04:09:49','1987-09-23 11:26:52','1992-03-08 16:57:49'),(98,98,98,7887760,'1993-11-28 13:20:03','1991-11-08 20:11:09','1997-01-20 06:37:39','1989-12-02 06:57:17'),(99,99,99,461311,'1986-01-29 20:34:35','2016-03-03 00:40:53','2000-02-08 20:20:56','1995-06-12 03:35:08'),(100,100,100,5,'1985-10-15 20:09:35','1970-01-11 12:04:17','1976-01-13 20:37:51','2020-05-20 11:03:36');
/*!40000 ALTER TABLE `discounts` ENABLE KEYS */;
UNLOCK TABLES;

--
-- Table structure for table `orders`
--

DROP TABLE IF EXISTS `orders`;
/*!40101 SET @saved_cs_client     = @@character_set_client */;
/*!40101 SET character_set_client = utf8 */;
CREATE TABLE `orders` (
  `id` bigint(20) unsigned NOT NULL AUTO_INCREMENT,
  `user_id` int(10) unsigned DEFAULT NULL,
  `created_at` datetime DEFAULT current_timestamp(),
  `updated_at` datetime DEFAULT current_timestamp() ON UPDATE current_timestamp(),
  PRIMARY KEY (`id`),
  KEY `index_of_user_id` (`user_id`)
) ENGINE=InnoDB AUTO_INCREMENT=31 DEFAULT CHARSET=utf8mb4 COLLATE=utf8mb4_unicode_ci COMMENT='Заказы';
/*!40101 SET character_set_client = @saved_cs_client */;

--
-- Dumping data for table `orders`
--

LOCK TABLES `orders` WRITE;
/*!40000 ALTER TABLE `orders` DISABLE KEYS */;
INSERT INTO `orders` VALUES (1,86,'1987-03-09 04:25:56','1986-09-04 01:59:37'),(2,9,'2009-03-26 22:29:55','1987-12-08 08:50:26'),(3,79,'2005-04-09 09:56:17','1979-11-23 07:04:25'),(4,1,'1992-02-23 14:07:12','2012-08-15 01:31:30'),(5,29,'1987-03-22 14:33:19','1992-08-03 04:23:03'),(6,3,'1997-10-11 00:17:55','2007-12-07 12:36:24'),(7,83,'1994-09-28 07:03:44','1980-07-09 21:27:13'),(8,16,'2008-04-23 08:33:43','2018-03-14 01:17:53'),(9,49,'1972-12-04 05:26:56','1987-06-13 04:38:37'),(10,66,'2019-08-28 20:16:37','1978-11-20 09:54:30'),(11,1,'2000-09-12 00:44:51','2019-01-22 03:44:20'),(12,27,'2017-03-21 09:00:22','2018-07-21 17:59:06'),(13,19,'2010-09-04 23:14:45','1998-07-13 04:18:54'),(14,64,'1989-10-05 10:10:28','1984-10-15 03:50:22'),(15,65,'1970-07-23 06:14:16','1993-01-15 00:50:04'),(16,90,'1974-07-31 02:09:02','1988-11-01 23:08:27'),(17,48,'2009-11-05 05:33:32','2009-05-05 22:38:13'),(18,85,'2016-08-18 03:38:11','2005-11-02 19:57:54'),(19,18,'2015-03-23 17:46:18','2017-03-01 11:28:22'),(20,11,'1997-12-11 10:42:21','1990-09-22 19:27:31'),(21,93,'1983-04-02 16:40:06','1978-06-07 13:51:51'),(22,94,'2007-01-06 05:43:37','1974-01-17 00:17:27'),(23,87,'1980-04-20 23:11:04','1975-06-11 15:06:31'),(24,24,'1993-05-22 12:06:36','1970-12-26 14:30:11'),(25,62,'2000-08-23 00:13:28','2019-10-01 19:10:41'),(26,76,'2000-04-17 03:05:03','2001-09-23 11:32:51'),(27,23,'2014-01-15 12:55:33','1978-02-04 08:49:27'),(28,68,'1995-09-12 11:19:57','1982-07-26 06:44:50'),(29,79,'1976-10-11 08:22:57','1978-10-15 16:08:35'),(30,1,'1973-02-11 01:44:18','1982-12-11 07:13:17');
/*!40000 ALTER TABLE `orders` ENABLE KEYS */;
UNLOCK TABLES;

--
-- Table structure for table `orders_products`
--

DROP TABLE IF EXISTS `orders_products`;
/*!40101 SET @saved_cs_client     = @@character_set_client */;
/*!40101 SET character_set_client = utf8 */;
CREATE TABLE `orders_products` (
  `id` bigint(20) unsigned NOT NULL AUTO_INCREMENT,
  `order_id` int(10) unsigned DEFAULT NULL,
  `product_id` int(10) unsigned DEFAULT NULL,
  `total` int(10) unsigned DEFAULT 1 COMMENT 'Количество заказанных товарных позиций',
  `created_at` datetime DEFAULT current_timestamp(),
  `updated_at` datetime DEFAULT current_timestamp() ON UPDATE current_timestamp(),
  PRIMARY KEY (`id`)
) ENGINE=InnoDB AUTO_INCREMENT=101 DEFAULT CHARSET=utf8mb4 COLLATE=utf8mb4_unicode_ci COMMENT='Состав заказа';
/*!40101 SET character_set_client = @saved_cs_client */;

--
-- Dumping data for table `orders_products`
--

LOCK TABLES `orders_products` WRITE;
/*!40000 ALTER TABLE `orders_products` DISABLE KEYS */;
INSERT INTO `orders_products` VALUES (1,1,1,1,'1972-10-01 23:42:01','2017-02-20 20:54:52'),(2,2,2,1,'1989-05-28 04:12:21','1982-10-31 18:26:31'),(3,3,3,1,'1999-11-28 08:44:46','1999-10-07 03:53:56'),(4,4,4,1,'2000-06-24 12:40:28','1982-03-07 00:59:14'),(5,5,5,1,'2000-10-12 06:42:21','2002-08-20 01:45:59'),(6,6,6,1,'2012-08-29 13:45:45','1996-11-18 03:13:08'),(7,7,7,1,'1995-04-24 18:30:28','2000-03-05 00:44:00'),(8,8,8,1,'1994-05-24 18:55:40','2015-09-10 01:22:50'),(9,9,9,1,'2012-12-10 21:32:19','2016-08-17 16:09:42'),(10,10,10,1,'2012-07-15 01:44:11','2003-09-19 05:01:26'),(11,11,11,1,'2007-12-16 15:40:47','2007-07-20 05:18:12'),(12,12,12,1,'1985-10-29 21:22:09','1976-10-13 07:46:03'),(13,13,13,1,'2001-09-12 12:25:15','1983-02-05 17:55:55'),(14,14,14,1,'2001-06-01 05:16:09','2013-01-12 15:44:26'),(15,15,15,1,'1981-02-11 13:20:15','1980-03-08 08:20:00'),(16,16,16,1,'2013-06-03 12:12:12','1986-09-30 20:18:18'),(17,17,17,1,'1981-10-08 15:54:31','1970-09-12 00:17:29'),(18,18,18,1,'2015-10-28 04:56:40','2003-12-22 04:24:13'),(19,19,19,1,'1977-11-02 18:37:39','1984-06-20 15:31:34'),(20,20,20,1,'1998-10-06 22:57:53','2014-03-28 05:31:05'),(21,21,21,1,'1972-11-01 20:54:59','2002-08-28 21:48:28'),(22,22,22,1,'1996-08-11 20:45:11','2014-10-19 19:08:26'),(23,23,23,1,'2009-09-23 04:56:53','1973-01-06 12:19:48'),(24,24,24,1,'1976-05-15 01:04:24','1972-08-10 01:27:27'),(25,25,25,1,'1986-09-13 07:59:24','2000-01-29 20:36:40'),(26,26,26,1,'1992-03-26 10:17:58','1984-12-22 06:33:34'),(27,27,27,1,'1985-11-13 06:00:33','2006-06-30 23:43:52'),(28,28,28,1,'1974-09-18 12:34:17','2003-09-21 20:58:51'),(29,29,29,1,'2015-03-13 17:41:31','2003-06-19 11:27:52'),(30,30,30,1,'1991-05-27 13:40:28','2013-01-30 01:19:28'),(31,1,31,1,'2019-09-22 07:00:10','2019-06-22 23:16:11'),(32,2,32,1,'1986-05-08 00:27:29','1980-12-20 11:07:54'),(33,3,33,1,'1984-06-24 07:25:15','1993-02-13 01:39:57'),(34,4,34,1,'2007-04-25 00:57:19','1980-05-08 06:08:41'),(35,5,35,1,'1993-06-09 14:44:00','1996-10-04 04:20:32'),(36,6,36,1,'2018-05-14 05:51:02','2007-08-14 11:21:10'),(37,7,37,1,'1972-06-29 11:16:13','2018-02-01 04:20:20'),(38,8,38,1,'1986-01-07 03:04:10','1991-06-11 10:26:36'),(39,9,39,1,'2014-01-13 04:11:07','1992-07-02 08:32:24'),(40,10,40,1,'1990-12-09 22:41:50','2000-09-27 05:43:48'),(41,11,41,1,'2000-06-03 10:52:01','1995-12-11 19:57:00'),(42,12,42,1,'2010-03-10 12:35:53','1987-08-03 07:57:54'),(43,13,43,1,'1995-07-25 18:18:12','1975-12-28 04:56:08'),(44,14,44,1,'1971-09-02 02:21:16','2012-12-24 09:07:27'),(45,15,45,1,'2009-08-02 10:11:45','1978-10-02 21:15:34'),(46,16,46,1,'1997-01-26 12:41:46','1999-04-29 11:40:47'),(47,17,47,1,'2002-09-19 16:09:57','1976-08-18 09:18:42'),(48,18,48,1,'1997-10-27 02:42:05','2001-07-13 04:56:14'),(49,19,49,1,'2008-07-22 13:44:12','1999-09-27 01:48:42'),(50,20,50,1,'2010-11-30 17:28:46','1976-10-25 14:04:04'),(51,21,51,1,'1992-05-30 05:46:44','2004-12-19 02:57:19'),(52,22,52,1,'1971-09-19 10:37:41','2006-03-29 10:12:09'),(53,23,53,1,'2017-11-04 21:31:03','2000-01-12 02:50:16'),(54,24,54,1,'2002-05-05 14:55:15','1970-06-04 02:21:51'),(55,25,55,1,'1994-02-17 03:12:37','2002-08-27 12:18:16'),(56,26,56,1,'2020-01-06 22:13:14','1978-02-03 21:03:33'),(57,27,57,1,'1993-04-01 04:11:00','2017-07-13 19:53:37'),(58,28,58,1,'2017-02-17 16:58:11','1990-06-17 13:19:06'),(59,29,59,1,'1988-06-10 06:35:11','2005-11-01 07:38:26'),(60,30,60,1,'1970-07-28 00:31:26','1975-04-01 12:11:17'),(61,1,61,1,'1987-08-18 15:46:07','2021-03-08 14:37:52'),(62,2,62,1,'2018-07-14 08:57:53','1994-12-03 14:23:56'),(63,3,63,1,'2014-02-19 20:25:51','1985-08-03 06:07:17'),(64,4,64,1,'1986-03-17 13:33:10','1979-01-04 17:54:51'),(65,5,65,1,'1980-11-12 23:39:29','1986-11-20 02:47:58'),(66,6,66,1,'2006-01-14 22:48:45','1983-11-21 02:17:16'),(67,7,67,1,'2018-01-11 02:15:51','1984-04-23 15:52:07'),(68,8,68,1,'1993-10-05 21:11:40','2010-02-11 10:07:32'),(69,9,69,1,'1994-07-11 15:40:41','2002-07-01 16:32:52'),(70,10,70,1,'1981-05-09 21:30:09','2006-11-07 15:07:06'),(71,11,71,1,'2007-04-14 05:09:26','1998-11-22 22:11:34'),(72,12,72,1,'1975-02-19 09:10:48','2021-03-02 05:29:51'),(73,13,73,1,'1991-04-03 02:29:57','1995-03-10 10:26:30'),(74,14,74,1,'1992-08-20 16:05:56','2009-08-02 12:58:24'),(75,15,75,1,'1994-04-11 02:59:11','1981-01-26 05:29:13'),(76,16,76,1,'2011-12-21 09:18:42','1990-08-20 14:42:09'),(77,17,77,1,'1984-01-29 07:58:40','2006-09-21 19:04:36'),(78,18,78,1,'1985-10-24 19:55:22','1990-12-05 00:54:07'),(79,19,79,1,'2018-11-05 09:31:32','2001-08-02 00:43:43'),(80,20,80,1,'2011-09-11 00:39:38','2009-03-05 11:54:19'),(81,21,81,1,'1975-02-02 14:06:04','2009-09-15 00:53:03'),(82,22,82,1,'2001-06-22 05:46:15','1981-07-12 13:04:18'),(83,23,83,1,'1990-05-26 03:29:56','2003-10-02 19:52:45'),(84,24,84,1,'2002-11-30 03:43:07','1985-07-22 15:41:39'),(85,25,85,1,'2019-11-22 12:00:38','2011-01-21 06:14:00'),(86,26,86,1,'2007-11-25 20:41:00','2014-08-26 18:51:18'),(87,27,87,1,'2003-09-17 19:00:36','1989-12-08 06:49:32'),(88,28,88,1,'1991-06-08 14:15:32','2005-07-25 02:16:04'),(89,29,89,1,'2018-12-28 02:39:34','1970-02-27 04:23:48'),(90,30,90,1,'1991-06-22 09:24:26','2005-03-12 12:16:38'),(91,1,91,1,'2018-06-06 21:39:05','1989-10-29 04:32:45'),(92,2,92,1,'1985-05-13 05:22:08','1980-02-07 23:52:50'),(93,3,93,1,'1999-10-25 20:18:03','1971-10-07 08:17:47'),(94,4,94,1,'1977-05-30 13:50:37','1987-10-18 03:47:18'),(95,5,95,1,'2018-04-10 21:52:36','2015-07-27 13:45:31'),(96,6,96,1,'1994-07-01 03:44:06','1987-03-09 06:43:33'),(97,7,97,1,'2017-02-13 15:19:53','1984-03-18 05:23:22'),(98,8,98,1,'2008-01-31 02:04:50','2001-05-01 13:48:04'),(99,9,99,1,'1975-01-29 05:46:11','1982-03-31 21:26:28'),(100,10,100,1,'1991-03-26 10:16:25','1982-12-29 12:50:54');
/*!40000 ALTER TABLE `orders_products` ENABLE KEYS */;
UNLOCK TABLES;

--
-- Table structure for table `products`
--

DROP TABLE IF EXISTS `products`;
/*!40101 SET @saved_cs_client     = @@character_set_client */;
/*!40101 SET character_set_client = utf8 */;
CREATE TABLE `products` (
  `id` bigint(20) unsigned NOT NULL AUTO_INCREMENT,
  `name` varchar(255) COLLATE utf8mb4_unicode_ci DEFAULT NULL COMMENT 'Название',
  `desription` text COLLATE utf8mb4_unicode_ci DEFAULT NULL COMMENT 'Описание',
  `price` decimal(11,2) DEFAULT NULL COMMENT 'Цена',
  `catalog_id` int(10) unsigned DEFAULT NULL,
  `created_at` datetime DEFAULT current_timestamp(),
  `updated_at` datetime DEFAULT current_timestamp() ON UPDATE current_timestamp(),
  PRIMARY KEY (`id`),
  KEY `index_of_catalog_id` (`catalog_id`)
) ENGINE=InnoDB AUTO_INCREMENT=101 DEFAULT CHARSET=utf8mb4 COLLATE=utf8mb4_unicode_ci COMMENT='Товарные позиции';
/*!40101 SET character_set_client = @saved_cs_client */;

--
-- Dumping data for table `products`
--

LOCK TABLES `products` WRITE;
/*!40000 ALTER TABLE `products` DISABLE KEYS */;
INSERT INTO `products` VALUES (1,'qui',NULL,372.09,1,'1998-04-01 12:12:49','1978-07-03 14:55:37'),(2,'aut',NULL,1.60,2,'1976-04-03 16:41:47','1996-04-11 16:00:12'),(3,'sed',NULL,9821.56,3,'1988-01-08 13:35:44','2007-06-25 16:09:58'),(4,'in',NULL,142033.78,4,'1995-03-05 11:33:28','1997-02-27 23:34:07'),(5,'consectetur',NULL,31401.37,5,'1992-09-02 11:05:29','1971-12-11 17:37:11'),(6,'qui',NULL,14064.00,6,'2005-12-03 12:26:24','2004-04-04 10:04:06'),(7,'facilis',NULL,2757935.00,7,'2006-06-12 07:02:21','2007-02-21 07:30:02'),(8,'qui',NULL,80.22,8,'1982-01-09 14:19:05','2017-08-01 15:51:44'),(9,'pariatur',NULL,198322128.10,9,'2005-12-21 22:28:57','2016-08-31 05:37:48'),(10,'et',NULL,3326.99,10,'1991-11-08 21:38:56','2006-10-07 02:08:06'),(11,'rerum',NULL,457937856.44,11,'2006-08-25 22:03:03','1971-12-10 03:41:47'),(12,'soluta',NULL,281.66,12,'2005-01-09 11:51:17','1988-01-01 12:19:58'),(13,'deleniti',NULL,51283.85,13,'2019-02-08 05:28:01','2015-06-17 20:46:04'),(14,'in',NULL,19165531.49,14,'1993-05-18 12:44:58','2003-04-03 17:22:28'),(15,'molestias',NULL,18376.91,15,'1974-02-22 04:12:39','1987-07-28 00:09:36'),(16,'voluptas',NULL,231521.00,16,'1993-09-13 04:37:57','2003-03-23 15:06:40'),(17,'mollitia',NULL,0.00,17,'1980-04-02 07:00:38','1973-09-09 14:57:37'),(18,'quam',NULL,24.79,18,'2014-11-02 00:19:15','1996-04-04 19:31:38'),(19,'minus',NULL,476328.38,19,'1988-04-06 00:52:41','1990-08-21 14:36:34'),(20,'ipsam',NULL,83876994.83,20,'1990-12-04 11:36:07','1997-07-07 09:28:47'),(21,'aspernatur',NULL,41.00,1,'1988-09-25 20:57:17','2010-05-23 17:52:39'),(22,'consequuntur',NULL,2168.57,2,'1980-06-12 16:37:09','2014-10-22 18:52:26'),(23,'cupiditate',NULL,384241523.75,3,'1989-02-12 08:51:43','2010-08-04 06:20:30'),(24,'porro',NULL,617.00,4,'1976-08-27 17:14:16','1983-07-23 15:11:12'),(25,'quis',NULL,130010614.88,5,'2005-07-30 04:19:49','2003-06-18 00:10:23'),(26,'hic',NULL,6828.80,6,'1984-01-15 23:11:42','1972-11-01 17:09:17'),(27,'dolor',NULL,5524799.53,7,'2019-09-02 03:46:57','1995-11-22 16:31:50'),(28,'est',NULL,1994867.00,8,'2003-07-30 19:41:43','1972-01-29 16:37:18'),(29,'aut',NULL,8292.04,9,'2010-12-29 21:17:51','2005-11-10 15:53:16'),(30,'necessitatibus',NULL,0.36,10,'1986-05-21 02:59:29','1973-10-26 04:28:24'),(31,'eaque',NULL,880657.70,11,'2011-08-27 21:41:44','1988-01-05 13:48:37'),(32,'voluptatem',NULL,0.06,12,'1974-08-30 11:23:00','1995-06-18 18:25:36'),(33,'sequi',NULL,39765382.52,13,'1981-01-25 07:21:23','1972-04-28 08:49:59'),(34,'ducimus',NULL,231.64,14,'1988-08-27 04:48:43','1997-08-02 20:43:19'),(35,'dignissimos',NULL,366.60,15,'1971-04-05 08:59:31','1973-01-19 04:13:50'),(36,'tenetur',NULL,46789733.96,16,'2016-02-18 01:14:48','1983-06-23 11:19:33'),(37,'deleniti',NULL,0.52,17,'2016-08-11 13:28:33','1980-10-15 20:51:43'),(38,'itaque',NULL,13736101.70,18,'1999-11-08 09:02:20','2013-04-08 07:38:51'),(39,'impedit',NULL,1476430.73,19,'1994-08-20 11:57:59','2003-11-26 14:42:11'),(40,'ad',NULL,61.18,20,'2015-11-30 18:54:43','1988-10-10 21:52:33'),(41,'dignissimos',NULL,96.72,1,'2016-04-19 15:43:51','1986-02-21 22:41:37'),(42,'perferendis',NULL,489073.74,2,'1970-04-10 18:41:50','1988-05-19 18:02:06'),(43,'magnam',NULL,668.00,3,'1995-10-04 06:03:32','1999-11-07 08:24:39'),(44,'labore',NULL,64247.72,4,'2019-09-16 15:56:47','1991-09-11 00:14:55'),(45,'consequatur',NULL,39097802.78,5,'2018-02-21 20:10:36','2017-07-26 08:44:12'),(46,'eum',NULL,83618.90,6,'1976-07-12 22:25:31','2015-10-17 17:07:27'),(47,'fuga',NULL,52847.60,7,'1980-03-23 08:19:25','1980-02-09 13:23:13'),(48,'harum',NULL,78.21,8,'2019-11-11 05:58:27','1975-04-28 23:32:11'),(49,'voluptates',NULL,2.26,9,'1996-12-15 21:41:18','1999-06-08 12:25:47'),(50,'ducimus',NULL,0.00,10,'2019-02-08 20:11:42','1981-09-28 12:50:48'),(51,'nesciunt',NULL,2.05,11,'2000-09-23 05:33:54','2000-10-26 09:07:00'),(52,'quis',NULL,270270772.33,12,'2016-01-21 19:17:55','2016-06-22 20:18:28'),(53,'illo',NULL,2.94,13,'2018-05-10 11:12:53','1973-05-20 17:48:36'),(54,'dignissimos',NULL,0.00,14,'1999-10-25 09:08:38','1973-05-22 00:50:43'),(55,'vitae',NULL,188.75,15,'1979-10-18 17:56:58','1976-08-27 12:52:14'),(56,'autem',NULL,0.00,16,'2000-04-06 23:36:23','1996-03-02 04:05:14'),(57,'eveniet',NULL,2551.01,17,'2014-02-24 09:05:50','1979-12-21 01:06:35'),(58,'et',NULL,4653546.80,18,'1987-09-23 09:41:38','2003-11-17 13:39:43'),(59,'molestiae',NULL,4460.98,19,'2009-05-02 05:51:12','1998-09-26 09:40:51'),(60,'optio',NULL,0.53,20,'2020-12-03 18:39:23','1974-09-16 19:25:04'),(61,'et',NULL,574.40,1,'2018-02-08 01:40:45','1989-10-02 22:26:03'),(62,'fugiat',NULL,41657.93,2,'2018-09-15 17:09:35','1972-04-16 02:20:36'),(63,'id',NULL,75.14,3,'1974-08-18 08:47:26','2004-01-30 12:52:31'),(64,'molestiae',NULL,89031156.99,4,'2018-09-08 20:41:38','1978-01-12 16:50:13'),(65,'architecto',NULL,364055.06,5,'1987-10-30 16:17:47','1990-09-11 00:00:01'),(66,'in',NULL,77142448.48,6,'2020-01-05 11:41:14','1971-12-23 01:54:41'),(67,'reiciendis',NULL,0.83,7,'2011-09-30 06:48:55','2014-11-19 12:31:47'),(68,'beatae',NULL,141900709.03,8,'2003-01-06 04:35:23','1970-04-08 11:22:08'),(69,'est',NULL,0.00,9,'1978-09-11 00:39:57','2014-06-05 14:25:18'),(70,'quas',NULL,7546.15,10,'2013-11-06 06:37:51','1975-05-28 03:46:03'),(71,'architecto',NULL,2.53,11,'2005-08-27 02:07:10','1995-10-10 11:07:22'),(72,'nesciunt',NULL,7039.00,12,'1990-03-18 19:57:54','2005-03-24 07:23:24'),(73,'labore',NULL,419.20,13,'1973-02-13 09:08:58','1996-01-19 22:11:23'),(74,'voluptatum',NULL,1849.50,14,'1987-11-07 06:55:36','1975-06-22 12:10:54'),(75,'porro',NULL,430.99,15,'2010-04-05 19:49:33','2011-09-16 23:09:03'),(76,'harum',NULL,6425.55,16,'1993-12-25 19:06:58','2015-07-23 00:05:51'),(77,'pariatur',NULL,61584899.00,17,'2002-12-03 11:48:37','2011-07-20 12:46:55'),(78,'earum',NULL,224744.52,18,'1984-07-02 00:14:15','2004-10-20 16:27:25'),(79,'ab',NULL,4.11,19,'2009-12-19 21:41:59','2011-07-19 17:25:41'),(80,'modi',NULL,972.00,20,'2008-12-30 17:05:29','1978-12-24 14:07:11'),(81,'occaecati',NULL,143.00,1,'1988-04-29 05:11:13','2015-07-22 13:51:07'),(82,'molestias',NULL,115454.04,2,'1982-05-22 10:13:41','1993-06-16 22:58:49'),(83,'occaecati',NULL,19572004.64,3,'2001-04-12 11:33:59','2004-10-06 10:58:05'),(84,'quo',NULL,1587364.00,4,'1998-10-10 21:21:52','2003-01-30 04:08:53'),(85,'perferendis',NULL,105558091.53,5,'1993-03-25 20:38:52','2011-08-18 20:26:58'),(86,'ut',NULL,214522577.00,6,'2011-07-03 20:45:45','1991-01-04 23:45:55'),(87,'eum',NULL,147.04,7,'1972-10-08 14:50:36','2016-05-18 16:07:22'),(88,'eos',NULL,782968.41,8,'1995-04-14 23:11:36','1988-05-04 00:27:01'),(89,'repellat',NULL,0.24,9,'1978-08-02 09:34:26','2005-06-13 16:16:00'),(90,'ipsa',NULL,379.23,10,'1981-04-02 13:33:28','1992-04-15 21:08:57'),(91,'est',NULL,17.00,11,'2016-09-28 01:51:48','1987-05-04 23:41:42'),(92,'ut',NULL,41.63,12,'2018-05-25 09:46:42','1984-08-16 18:40:18'),(93,'et',NULL,64.11,13,'1980-10-13 23:28:58','2011-06-24 08:35:21'),(94,'fugit',NULL,0.90,14,'2014-05-14 13:39:50','2001-12-30 06:15:31'),(95,'sunt',NULL,2368.58,15,'2006-01-20 11:59:53','1990-01-20 07:10:24'),(96,'voluptas',NULL,45.17,16,'2003-08-09 16:19:22','1978-06-20 14:08:57'),(97,'assumenda',NULL,1495999.47,17,'2002-10-01 05:55:47','2000-11-15 12:35:58'),(98,'itaque',NULL,1667124.00,18,'1984-01-06 14:25:25','2008-11-18 14:53:30'),(99,'qui',NULL,5.90,19,'2006-06-21 04:17:49','1988-05-02 22:13:14'),(100,'consectetur',NULL,153001016.01,20,'2020-06-19 17:56:55','1991-11-08 07:41:35');
/*!40000 ALTER TABLE `products` ENABLE KEYS */;
UNLOCK TABLES;

--
-- Table structure for table `rubrics`
--

DROP TABLE IF EXISTS `rubrics`;
/*!40101 SET @saved_cs_client     = @@character_set_client */;
/*!40101 SET character_set_client = utf8 */;
CREATE TABLE `rubrics` (
  `id` bigint(20) unsigned NOT NULL AUTO_INCREMENT,
  `name` varchar(255) COLLATE utf8mb4_unicode_ci DEFAULT NULL COMMENT 'Название раздела',
  PRIMARY KEY (`id`)
) ENGINE=InnoDB AUTO_INCREMENT=101 DEFAULT CHARSET=utf8mb4 COLLATE=utf8mb4_unicode_ci COMMENT='Разделы интернет-магазина';
/*!40101 SET character_set_client = @saved_cs_client */;

--
-- Dumping data for table `rubrics`
--

LOCK TABLES `rubrics` WRITE;
/*!40000 ALTER TABLE `rubrics` DISABLE KEYS */;
INSERT INTO `rubrics` VALUES (1,'quia'),(2,'voluptas'),(3,'architecto'),(4,'itaque'),(5,'mollitia'),(6,'occaecati'),(7,'est'),(8,'et'),(9,'quo'),(10,'dolorem'),(11,'voluptas'),(12,'enim'),(13,'distinctio'),(14,'dolores'),(15,'dicta'),(16,'culpa'),(17,'dignissimos'),(18,'qui'),(19,'blanditiis'),(20,'mollitia'),(21,'voluptatum'),(22,'voluptas'),(23,'odit'),(24,'ut'),(25,'totam'),(26,'rerum'),(27,'quas'),(28,'similique'),(29,'amet'),(30,'natus'),(31,'in'),(32,'sed'),(33,'occaecati'),(34,'soluta'),(35,'vel'),(36,'eos'),(37,'cupiditate'),(38,'exercitationem'),(39,'id'),(40,'suscipit'),(41,'magnam'),(42,'expedita'),(43,'aspernatur'),(44,'ut'),(45,'sint'),(46,'consequatur'),(47,'vel'),(48,'velit'),(49,'quos'),(50,'neque'),(51,'voluptatibus'),(52,'libero'),(53,'qui'),(54,'ipsum'),(55,'voluptatem'),(56,'nobis'),(57,'quaerat'),(58,'rerum'),(59,'qui'),(60,'ut'),(61,'ratione'),(62,'iusto'),(63,'perspiciatis'),(64,'eveniet'),(65,'facilis'),(66,'et'),(67,'itaque'),(68,'perferendis'),(69,'velit'),(70,'ex'),(71,'nemo'),(72,'velit'),(73,'est'),(74,'et'),(75,'mollitia'),(76,'sed'),(77,'unde'),(78,'voluptatem'),(79,'consequatur'),(80,'iure'),(81,'quas'),(82,'accusantium'),(83,'labore'),(84,'cumque'),(85,'ab'),(86,'odio'),(87,'atque'),(88,'debitis'),(89,'est'),(90,'modi'),(91,'aliquid'),(92,'ut'),(93,'sunt'),(94,'officiis'),(95,'veniam'),(96,'totam'),(97,'odio'),(98,'repellat'),(99,'tempora'),(100,'laudantium');
/*!40000 ALTER TABLE `rubrics` ENABLE KEYS */;
UNLOCK TABLES;

--
-- Table structure for table `storehouses`
--

DROP TABLE IF EXISTS `storehouses`;
/*!40101 SET @saved_cs_client     = @@character_set_client */;
/*!40101 SET character_set_client = utf8 */;
CREATE TABLE `storehouses` (
  `id` bigint(20) unsigned NOT NULL AUTO_INCREMENT,
  `name` varchar(255) COLLATE utf8mb4_unicode_ci DEFAULT NULL COMMENT 'Название',
  `created_at` datetime DEFAULT current_timestamp(),
  `updated_at` datetime DEFAULT current_timestamp() ON UPDATE current_timestamp(),
  PRIMARY KEY (`id`)
) ENGINE=InnoDB AUTO_INCREMENT=101 DEFAULT CHARSET=utf8mb4 COLLATE=utf8mb4_unicode_ci COMMENT='Склады';
/*!40101 SET character_set_client = @saved_cs_client */;

--
-- Dumping data for table `storehouses`
--

LOCK TABLES `storehouses` WRITE;
/*!40000 ALTER TABLE `storehouses` DISABLE KEYS */;
INSERT INTO `storehouses` VALUES (1,'nulla','2006-06-20 04:59:09','1985-08-08 21:23:52'),(2,'ex','1991-12-18 23:21:52','1983-12-26 03:22:33'),(3,'corporis','1980-11-17 03:16:50','2019-12-09 23:38:03'),(4,'aperiam','1972-11-06 21:43:38','2014-12-12 21:02:56'),(5,'ducimus','1975-03-26 15:40:55','2017-04-16 19:42:52'),(6,'omnis','1997-07-25 13:58:05','1975-07-04 10:08:01'),(7,'sapiente','2017-12-09 14:27:18','2014-02-02 09:20:03'),(8,'a','2020-12-14 19:40:14','1980-10-03 06:44:10'),(9,'quaerat','1976-12-26 08:57:09','1976-10-30 21:39:33'),(10,'aut','1975-01-02 00:56:13','2002-01-24 09:50:43'),(11,'nostrum','2009-12-30 08:41:50','2004-10-21 06:07:09'),(12,'modi','1979-08-29 18:40:35','2008-06-29 15:29:28'),(13,'voluptate','1975-09-18 15:19:45','1974-09-25 14:09:33'),(14,'quasi','1980-04-09 20:48:13','2011-07-03 22:54:26'),(15,'commodi','1996-11-25 13:52:08','2009-01-13 17:14:03'),(16,'doloribus','1972-03-12 22:38:17','1996-04-03 10:16:35'),(17,'atque','2007-11-28 05:05:49','1993-04-16 16:44:32'),(18,'ad','1999-01-15 03:44:58','2019-06-03 07:11:55'),(19,'repellendus','1970-07-19 00:01:31','1976-08-28 12:25:39'),(20,'a','1975-11-04 12:12:38','1975-02-08 12:33:57'),(21,'ut','2008-09-11 13:07:20','2010-11-14 06:09:46'),(22,'qui','1971-12-15 09:50:02','1975-11-27 03:16:14'),(23,'ut','1971-01-25 18:33:44','1998-04-09 09:58:29'),(24,'aut','1993-06-19 06:02:05','2005-08-14 15:27:56'),(25,'veniam','2001-04-16 19:27:28','2009-04-03 05:33:31'),(26,'esse','2003-10-18 07:29:35','1981-12-19 05:53:58'),(27,'sit','1999-01-16 14:46:25','2002-11-20 17:03:52'),(28,'enim','1993-10-23 13:52:14','2001-10-02 00:46:48'),(29,'aut','1992-09-01 13:23:17','2016-06-10 14:15:57'),(30,'voluptatem','1986-07-15 11:40:31','1972-07-05 04:13:50'),(31,'voluptatum','1986-07-01 09:56:42','1992-11-25 18:51:09'),(32,'perspiciatis','1997-07-20 16:15:50','2014-01-16 06:52:28'),(33,'odio','1990-07-18 19:27:02','1998-03-27 00:41:08'),(34,'voluptatem','2005-04-22 10:00:30','2019-05-06 02:52:57'),(35,'autem','1988-02-03 19:21:00','1976-07-27 21:21:46'),(36,'tempora','2013-06-25 11:29:51','2000-02-09 20:52:29'),(37,'et','1981-07-18 05:41:46','1995-01-07 17:00:04'),(38,'dolores','1972-05-12 14:24:26','2004-10-07 09:51:22'),(39,'quia','1970-02-24 03:37:44','1971-07-04 20:04:40'),(40,'amet','2011-08-16 05:20:01','1970-08-08 16:56:06'),(41,'ipsum','1991-12-01 09:18:15','1975-03-01 02:11:40'),(42,'et','1981-10-22 12:46:26','2017-06-06 06:45:51'),(43,'numquam','1973-03-31 05:24:59','1999-02-24 10:44:08'),(44,'est','1980-01-09 14:04:31','1992-09-10 00:20:56'),(45,'ad','1979-11-14 12:40:52','2014-07-13 21:43:40'),(46,'ut','2004-07-21 08:27:48','1984-04-30 04:07:00'),(47,'maxime','2016-03-06 09:31:31','1975-03-24 08:16:42'),(48,'esse','1998-12-31 05:19:02','1981-05-05 06:15:53'),(49,'praesentium','2009-05-02 20:03:01','1985-05-02 16:55:21'),(50,'modi','1981-11-02 10:34:27','2002-01-24 17:26:52'),(51,'libero','1994-01-09 13:32:01','2010-10-16 13:14:39'),(52,'est','2010-08-19 12:07:07','2011-10-08 10:43:28'),(53,'voluptatem','1999-12-27 07:35:58','2008-07-28 07:21:34'),(54,'atque','1995-11-05 14:29:44','1986-04-06 01:12:59'),(55,'ratione','2018-03-08 15:37:25','1979-02-23 23:21:49'),(56,'sit','1982-09-14 09:58:37','2013-12-08 09:46:17'),(57,'tenetur','2004-03-09 18:44:21','1970-04-05 23:25:17'),(58,'maiores','2007-03-05 05:35:13','2002-01-26 23:54:41'),(59,'pariatur','1988-09-04 08:31:32','2000-12-14 14:24:13'),(60,'eius','1998-10-15 12:10:12','1982-09-26 11:27:50'),(61,'quisquam','2014-02-26 20:12:11','2003-08-13 21:08:43'),(62,'illum','1999-05-16 18:27:11','2009-06-14 19:01:16'),(63,'nostrum','2014-03-07 16:38:55','2018-02-11 05:53:21'),(64,'aut','2006-12-20 21:55:50','2017-05-27 23:19:41'),(65,'voluptas','2003-03-08 17:10:33','2010-07-15 23:46:07'),(66,'quos','1972-05-26 01:38:12','1986-09-13 10:00:24'),(67,'voluptas','1989-10-13 20:38:52','1976-07-11 20:25:29'),(68,'eius','2014-06-04 13:24:17','1972-08-18 06:21:56'),(69,'porro','1978-01-24 16:56:16','1974-04-01 01:50:28'),(70,'porro','1987-08-07 07:41:28','1974-03-05 19:09:15'),(71,'quis','1982-06-01 23:20:25','1993-06-30 20:33:56'),(72,'iste','1981-05-28 17:57:07','1991-11-19 06:40:03'),(73,'perspiciatis','2005-07-04 23:12:55','1990-03-03 11:54:27'),(74,'corrupti','1991-03-18 23:45:04','1989-11-16 11:33:01'),(75,'iure','2016-01-23 08:16:42','2007-07-11 20:15:02'),(76,'dolorum','2009-07-23 03:21:17','2008-06-14 23:51:14'),(77,'mollitia','1984-07-10 04:28:35','2005-05-28 13:13:54'),(78,'aliquam','1986-09-27 12:18:21','1978-02-04 07:03:06'),(79,'praesentium','1975-06-06 19:43:41','1971-07-12 09:37:53'),(80,'sunt','1973-04-03 07:05:26','1989-01-19 20:12:23'),(81,'dolor','1981-06-04 17:52:51','2012-01-08 12:42:34'),(82,'corporis','2016-08-03 23:54:23','2015-03-20 09:11:56'),(83,'odit','2011-08-14 03:28:09','1989-07-18 10:26:33'),(84,'suscipit','2011-08-19 01:54:13','2002-12-21 07:39:30'),(85,'error','2001-11-29 09:05:02','1979-08-16 20:02:14'),(86,'est','2019-04-09 15:28:11','1986-08-04 22:22:00'),(87,'voluptatibus','1991-04-29 17:05:14','2007-01-04 08:44:59'),(88,'enim','2007-03-08 03:42:38','1988-09-12 04:56:04'),(89,'et','2017-08-28 09:49:21','2012-06-01 16:43:52'),(90,'qui','2013-10-13 12:55:36','2015-06-03 16:24:00'),(91,'voluptas','1999-08-17 18:20:40','1983-08-08 01:01:28'),(92,'ut','2020-02-02 14:23:20','1986-09-22 17:53:51'),(93,'temporibus','2003-02-12 12:23:28','1980-12-15 13:46:24'),(94,'asperiores','1976-10-09 13:35:39','2020-10-14 20:33:34'),(95,'quam','2014-04-16 19:07:50','2016-05-24 00:00:26'),(96,'autem','2016-08-10 00:47:28','1974-10-03 17:40:38'),(97,'illum','2011-12-15 01:56:37','1990-07-02 10:02:59'),(98,'voluptas','2004-03-04 09:56:47','2005-05-05 12:51:33'),(99,'ipsum','1994-06-18 18:52:39','1988-11-29 09:53:49'),(100,'placeat','1971-01-16 09:10:36','1979-08-22 21:21:46');
/*!40000 ALTER TABLE `storehouses` ENABLE KEYS */;
UNLOCK TABLES;

--
-- Table structure for table `storehouses_products`
--

DROP TABLE IF EXISTS `storehouses_products`;
/*!40101 SET @saved_cs_client     = @@character_set_client */;
/*!40101 SET character_set_client = utf8 */;
CREATE TABLE `storehouses_products` (
  `id` bigint(20) unsigned NOT NULL AUTO_INCREMENT,
  `storehouse_id` int(10) unsigned DEFAULT NULL,
  `product_id` int(10) unsigned DEFAULT NULL,
  `value` int(10) unsigned DEFAULT NULL COMMENT 'Запас товарной позиции на складе',
  `created_at` datetime DEFAULT current_timestamp(),
  `updated_at` datetime DEFAULT current_timestamp() ON UPDATE current_timestamp(),
  PRIMARY KEY (`id`)
) ENGINE=InnoDB AUTO_INCREMENT=101 DEFAULT CHARSET=utf8mb4 COLLATE=utf8mb4_unicode_ci COMMENT='Запасы на складе';
/*!40101 SET character_set_client = @saved_cs_client */;

--
-- Dumping data for table `storehouses_products`
--

LOCK TABLES `storehouses_products` WRITE;
/*!40000 ALTER TABLE `storehouses_products` DISABLE KEYS */;
INSERT INTO `storehouses_products` VALUES (1,1,1,NULL,'1988-02-09 08:57:52','1991-11-10 19:18:46'),(2,2,2,NULL,'1982-06-16 00:43:35','1983-09-03 06:48:58'),(3,3,3,NULL,'1978-03-16 20:52:58','1974-08-15 09:39:08'),(4,4,4,NULL,'1997-07-18 07:10:15','2016-07-13 13:05:20'),(5,5,5,NULL,'1979-05-22 06:07:58','2002-10-12 06:49:36'),(6,6,6,NULL,'1995-05-31 00:36:48','1972-03-02 19:05:37'),(7,7,7,NULL,'2013-07-10 07:19:55','1972-08-17 08:26:58'),(8,8,8,NULL,'2011-04-09 15:20:50','1994-06-20 21:13:17'),(9,9,9,NULL,'1997-07-30 13:29:20','1994-01-21 09:48:25'),(10,10,10,NULL,'1974-02-14 05:09:09','2009-04-01 19:01:12'),(11,11,11,NULL,'2005-06-30 15:04:22','1980-09-17 12:34:43'),(12,12,12,NULL,'1970-12-09 15:12:46','1972-04-18 22:43:29'),(13,13,13,NULL,'2008-05-20 20:55:26','1995-03-17 17:17:05'),(14,14,14,NULL,'2018-02-20 02:04:28','1975-06-06 18:37:52'),(15,15,15,NULL,'1999-04-03 12:22:24','1975-09-17 04:29:32'),(16,16,16,NULL,'1974-06-14 01:58:10','2015-03-04 18:37:53'),(17,17,17,NULL,'1998-07-17 14:57:48','1976-05-10 22:10:01'),(18,18,18,NULL,'1975-10-04 16:15:24','2010-12-23 03:55:50'),(19,19,19,NULL,'1991-06-08 08:08:10','2003-10-17 09:34:59'),(20,20,20,NULL,'1970-02-12 06:07:26','1997-01-31 12:08:56'),(21,21,21,NULL,'1982-10-01 20:22:28','1970-01-30 17:22:06'),(22,22,22,NULL,'2006-10-30 00:59:28','1995-09-06 02:44:31'),(23,23,23,NULL,'2017-01-11 13:17:06','2018-12-02 12:11:48'),(24,24,24,NULL,'2001-03-08 00:15:59','1990-04-08 03:09:23'),(25,25,25,NULL,'1973-10-20 12:42:08','1988-01-02 19:43:22'),(26,26,26,NULL,'2005-09-23 16:36:25','1974-01-07 02:33:04'),(27,27,27,NULL,'1978-03-04 06:15:40','1983-10-29 00:32:44'),(28,28,28,NULL,'1985-07-08 21:27:11','1992-08-10 23:13:57'),(29,29,29,NULL,'1991-03-25 13:17:17','2000-02-14 09:39:26'),(30,30,30,NULL,'2000-04-03 17:59:57','1993-07-31 15:45:15'),(31,31,31,NULL,'1995-07-14 23:25:04','2018-09-04 08:21:41'),(32,32,32,NULL,'2004-07-25 16:04:11','2009-11-17 21:30:35'),(33,33,33,NULL,'1980-01-14 05:25:09','2013-09-15 02:24:20'),(34,34,34,NULL,'1988-02-03 17:34:49','1970-07-08 07:04:20'),(35,35,35,NULL,'1973-04-03 20:36:55','1979-12-20 07:15:01'),(36,36,36,NULL,'1984-10-26 19:12:49','2013-02-21 16:35:30'),(37,37,37,NULL,'1987-09-04 12:12:58','2002-01-12 13:37:59'),(38,38,38,NULL,'2009-09-10 23:04:04','1980-11-19 03:31:02'),(39,39,39,NULL,'1995-03-27 14:15:22','1991-02-02 09:51:42'),(40,40,40,NULL,'1970-07-09 02:50:30','1986-06-20 22:40:22'),(41,41,41,NULL,'2011-09-27 17:38:46','2007-12-28 08:03:49'),(42,42,42,NULL,'1981-03-20 16:25:25','1982-12-15 22:59:27'),(43,43,43,NULL,'1973-11-19 22:29:13','1979-09-12 01:30:30'),(44,44,44,NULL,'2007-07-27 23:29:49','2016-09-11 07:27:20'),(45,45,45,NULL,'2010-03-31 16:12:37','2001-11-12 04:37:16'),(46,46,46,NULL,'2003-10-05 00:55:28','2010-07-05 19:09:04'),(47,47,47,NULL,'1980-11-04 08:10:33','1993-07-13 22:45:14'),(48,48,48,NULL,'1987-04-23 19:01:57','1998-10-11 15:18:12'),(49,49,49,NULL,'1996-02-21 14:16:23','1971-04-20 14:14:53'),(50,50,50,NULL,'2015-05-28 11:45:45','2003-01-11 21:07:43'),(51,51,51,NULL,'2014-03-25 03:58:56','1988-05-19 12:55:39'),(52,52,52,NULL,'1987-02-25 00:39:50','2002-03-07 10:19:27'),(53,53,53,NULL,'1991-08-10 22:09:52','2002-07-03 20:02:36'),(54,54,54,NULL,'2015-06-20 16:56:12','2009-03-25 19:39:29'),(55,55,55,NULL,'2008-01-20 23:06:45','2020-03-02 13:13:18'),(56,56,56,NULL,'1976-08-17 22:14:29','1985-12-28 20:07:03'),(57,57,57,NULL,'1972-06-17 21:33:59','2018-02-22 12:57:13'),(58,58,58,NULL,'1996-10-25 11:30:06','1984-11-29 01:42:16'),(59,59,59,NULL,'1985-01-02 08:21:42','1988-03-09 13:29:59'),(60,60,60,NULL,'2016-01-21 01:10:22','1980-09-19 16:18:22'),(61,61,61,NULL,'1972-05-03 10:57:11','2017-01-08 21:51:36'),(62,62,62,NULL,'1988-01-26 22:02:31','1985-06-30 09:32:40'),(63,63,63,NULL,'1997-02-02 16:37:04','1970-05-05 11:08:37'),(64,64,64,NULL,'1987-05-05 01:30:32','2007-12-29 21:09:06'),(65,65,65,NULL,'1970-10-04 10:02:11','1993-05-20 12:53:54'),(66,66,66,NULL,'1991-03-24 16:29:34','1983-06-24 05:06:15'),(67,67,67,NULL,'2013-07-11 02:13:11','1984-07-25 09:44:27'),(68,68,68,NULL,'2001-11-27 18:44:55','1996-08-11 08:40:12'),(69,69,69,NULL,'1990-04-06 07:45:52','2012-08-22 00:05:14'),(70,70,70,NULL,'2018-07-16 20:26:49','2001-05-21 19:10:57'),(71,71,71,NULL,'2012-10-19 07:02:04','2000-01-08 11:04:29'),(72,72,72,NULL,'2009-03-07 08:04:04','2010-06-23 02:37:25'),(73,73,73,NULL,'1988-06-05 15:56:24','1974-11-29 13:01:20'),(74,74,74,NULL,'1982-06-01 17:25:43','2002-07-12 17:23:08'),(75,75,75,NULL,'2020-08-24 09:09:45','1988-10-02 02:54:40'),(76,76,76,NULL,'1972-03-13 19:11:29','1992-12-25 17:48:36'),(77,77,77,NULL,'1993-03-16 15:52:12','1997-04-14 23:34:50'),(78,78,78,NULL,'1976-09-12 02:50:12','2004-08-26 03:52:51'),(79,79,79,NULL,'1973-01-01 03:14:31','1993-03-18 17:09:08'),(80,80,80,NULL,'1993-03-02 20:38:50','1970-05-11 18:33:01'),(81,81,81,NULL,'2006-07-16 10:48:41','1992-10-24 03:39:33'),(82,82,82,NULL,'1999-03-21 00:15:29','1998-10-24 16:38:06'),(83,83,83,NULL,'1999-03-28 00:24:42','1983-01-22 20:30:23'),(84,84,84,NULL,'1993-08-29 20:58:57','1991-02-28 00:07:47'),(85,85,85,NULL,'2007-09-27 09:51:22','1992-05-13 02:17:55'),(86,86,86,NULL,'2008-02-05 10:43:47','2007-03-06 02:20:37'),(87,87,87,NULL,'1978-07-12 13:44:05','1975-10-27 13:26:57'),(88,88,88,NULL,'2008-09-02 07:55:25','1996-09-09 20:57:52'),(89,89,89,NULL,'2014-04-04 05:37:48','1984-02-04 14:53:25'),(90,90,90,NULL,'1980-10-26 04:02:34','2008-11-05 22:21:47'),(91,91,91,NULL,'2012-07-30 13:39:35','2010-06-03 21:29:49'),(92,92,92,NULL,'1984-06-23 08:40:01','1983-07-31 16:31:34'),(93,93,93,NULL,'1974-10-04 17:52:38','2019-04-21 05:10:05'),(94,94,94,NULL,'2001-07-24 04:54:19','1979-09-18 20:01:40'),(95,95,95,NULL,'2004-02-06 11:56:54','1992-10-13 04:19:33'),(96,96,96,NULL,'2008-11-02 04:18:49','2014-11-20 04:51:21'),(97,97,97,NULL,'2000-08-15 18:57:53','2001-08-06 17:55:56'),(98,98,98,NULL,'2006-11-08 23:00:38','2010-05-14 20:55:28'),(99,99,99,NULL,'1970-10-24 22:23:37','2007-11-29 08:15:23'),(100,100,100,NULL,'2004-08-10 09:42:08','2009-04-20 06:35:17');
/*!40000 ALTER TABLE `storehouses_products` ENABLE KEYS */;
UNLOCK TABLES;

--
-- Table structure for table `users`
--

DROP TABLE IF EXISTS `users`;
/*!40101 SET @saved_cs_client     = @@character_set_client */;
/*!40101 SET character_set_client = utf8 */;
CREATE TABLE `users` (
  `id` bigint(20) unsigned NOT NULL AUTO_INCREMENT,
  `name` varchar(255) COLLATE utf8mb4_unicode_ci DEFAULT NULL COMMENT 'Имя покупателя',
  `birthday_at` date DEFAULT NULL COMMENT 'Дата рождения',
  `created_at` datetime DEFAULT current_timestamp(),
  `updated_at` datetime DEFAULT current_timestamp() ON UPDATE current_timestamp(),
  PRIMARY KEY (`id`)
) ENGINE=InnoDB AUTO_INCREMENT=101 DEFAULT CHARSET=utf8mb4 COLLATE=utf8mb4_unicode_ci COMMENT='Покупатели';
/*!40101 SET character_set_client = @saved_cs_client */;

--
-- Dumping data for table `users`
--

LOCK TABLES `users` WRITE;
/*!40000 ALTER TABLE `users` DISABLE KEYS */;
INSERT INTO `users` VALUES (1,'Araceli Hackett','2003-03-10','1976-01-08 08:42:49','2019-09-03 06:20:59'),(2,'Adelbert Balistreri','1998-01-22','1995-02-02 21:41:41','1995-02-03 23:26:45'),(3,'Wilfrid Wiza','2000-02-13','1986-10-26 19:09:27','1980-07-04 14:39:56'),(4,'Ofelia Adams','1989-03-01','2010-10-05 00:17:58','2004-10-10 01:22:44'),(5,'Mr. Clement Corkery I','2002-04-03','1987-12-17 00:36:16','2006-03-18 02:21:43'),(6,'Mathilde Rowe','2009-01-30','2005-05-19 16:50:22','2007-04-26 00:10:26'),(7,'Prof. Darby Stamm','1994-03-24','2018-05-10 14:34:31','1979-07-23 05:43:12'),(8,'Selena Goyette DVM','2006-09-05','1998-01-31 07:24:18','2012-12-06 15:36:16'),(9,'Abbigail Keebler','1989-11-22','2007-04-12 01:07:23','2010-03-08 03:29:08'),(10,'Janis Rohan','1984-05-01','1991-01-04 06:24:39','2003-06-25 22:00:36'),(11,'Rachael Rutherford','1999-01-10','1984-09-21 14:18:18','1998-01-21 06:21:08'),(12,'Miss Sadye Shanahan','2017-11-10','1995-01-14 15:46:02','1991-10-16 07:48:05'),(13,'Elmo Corwin','2017-10-27','1974-07-03 15:25:45','1984-10-06 06:34:22'),(14,'Yessenia Lemke V','1985-10-28','2015-07-09 00:28:39','1992-06-30 13:50:57'),(15,'Dr. Louisa Crist','1997-06-19','1971-03-30 08:49:00','1984-05-15 18:10:05'),(16,'Loraine Gaylord','1997-06-18','2014-04-12 09:40:10','1979-11-03 17:35:12'),(17,'Ms. Lola Glover IV','1989-09-17','2017-01-02 00:33:22','1993-05-21 05:02:10'),(18,'Tevin Lindgren','1983-07-04','2017-06-13 14:42:41','1991-11-24 02:59:34'),(19,'Dorris Metz V','1976-11-30','1987-07-23 15:59:09','2021-02-21 18:50:44'),(20,'Johnpaul Okuneva','1973-08-24','2007-10-02 06:18:55','1977-03-18 08:40:09'),(21,'Rachelle Stark','1990-12-23','1973-10-24 09:49:28','2011-04-30 15:34:50'),(22,'Arch Ullrich PhD','1995-01-23','2000-11-29 06:28:49','1980-05-10 22:50:06'),(23,'Vickie Morissette','2020-04-08','2008-09-03 09:07:09','1971-10-05 02:07:18'),(24,'Gerry Wilderman','1989-09-19','1995-09-13 08:21:58','1981-08-14 20:56:27'),(25,'Fred Huels','1980-03-30','2018-07-30 14:23:07','2001-08-16 15:31:31'),(26,'Mr. Raven Brakus Jr.','2011-03-22','1990-09-30 10:41:30','1984-01-18 04:02:05'),(27,'Rodolfo Hagenes','2010-12-17','1979-06-19 02:10:52','2005-05-15 17:06:33'),(28,'Ms. Dejah Goyette','1980-11-20','1985-03-02 14:18:54','2002-03-21 14:24:22'),(29,'Brennon Strosin Jr.','1995-03-05','2019-06-17 23:59:32','1990-07-25 12:43:53'),(30,'Eriberto Stark','1995-06-20','1982-03-09 20:23:24','1976-04-01 04:44:01'),(31,'Dr. Valentin Koss','2003-08-03','1993-12-18 04:19:01','1982-05-05 19:30:59'),(32,'Melisa Gleichner','2017-09-06','2006-08-18 23:29:27','2001-10-01 09:19:39'),(33,'Ebony Kulas','1971-06-07','1977-07-03 00:25:00','1979-06-16 12:26:15'),(34,'Gilberto Brakus','2002-05-09','2016-03-25 19:00:06','1989-07-11 11:24:56'),(35,'Jess Rowe','1998-12-17','2017-10-18 10:23:16','1985-07-11 09:47:01'),(36,'Stefanie Bogan','1997-07-06','1984-01-07 13:50:19','2020-01-13 08:29:54'),(37,'Anastasia Hettinger Jr.','2020-05-13','2007-03-17 21:47:00','1995-08-11 19:54:07'),(38,'Jonathon Gaylord','1980-09-30','2004-10-02 23:20:26','1992-07-29 10:38:51'),(39,'Dr. Leonel Bode','2008-03-29','1997-10-20 00:05:52','1982-08-10 21:01:01'),(40,'Hollis Gutkowski','1999-09-25','2003-06-14 17:32:31','2003-05-23 15:39:16'),(41,'Whitney Powlowski IV','2008-01-22','1976-01-30 16:06:31','1999-10-30 21:52:35'),(42,'Quinton Eichmann','1978-10-26','1983-04-25 01:00:57','1991-12-20 14:54:36'),(43,'Prof. Trycia Lang II','1979-02-08','2000-04-28 10:48:51','1979-05-15 11:13:59'),(44,'Verda Klein','2010-11-09','2002-02-20 03:39:41','2015-05-31 18:55:25'),(45,'Marshall Hagenes','1980-06-25','1973-12-19 03:36:07','2013-05-22 20:13:40'),(46,'Birdie Mueller','2017-04-24','1976-07-10 19:02:43','1976-04-07 09:04:37'),(47,'Darron Anderson','2012-12-30','2011-02-18 12:08:37','2012-11-07 11:18:53'),(48,'Prof. Stan Hermann','2017-01-05','2015-09-14 20:41:09','2014-08-28 23:09:44'),(49,'Dr. Otilia Satterfield MD','2010-07-19','2007-04-16 19:33:10','2004-09-10 02:43:09'),(50,'Dr. Reilly Krajcik','2012-11-09','1991-01-01 01:21:29','1997-10-17 12:58:35'),(51,'Lorenz Kihn','1973-10-24','1992-06-10 00:53:53','2018-12-18 21:11:07'),(52,'Aliza Bernier','2010-01-14','1975-09-16 05:44:28','1997-07-26 04:04:20'),(53,'Eloy Schneider','1985-02-13','1972-08-19 03:55:07','1979-09-08 05:15:15'),(54,'Palma Block PhD','2010-03-12','2009-03-25 13:32:23','2007-10-15 13:32:40'),(55,'Moshe Rice','2020-03-06','2014-10-13 07:20:52','1978-10-22 07:13:02'),(56,'Dr. Osvaldo Lowe III','1975-09-28','1992-06-06 07:15:23','1982-10-06 07:15:32'),(57,'Retta Luettgen','2002-05-18','1996-09-26 07:27:54','1980-02-08 06:01:32'),(58,'Felicita Kovacek','1994-10-01','1980-02-10 19:22:12','2001-12-28 16:54:48'),(59,'Juana Moen','1970-05-24','1984-08-06 05:23:40','2012-01-31 02:06:41'),(60,'Prof. Alaina Kilback DVM','1998-10-04','1981-10-20 08:09:13','2013-04-12 15:11:00'),(61,'Shemar Effertz','1986-12-26','2009-08-01 10:22:13','1976-02-08 23:35:48'),(62,'Dana Kshlerin','1985-04-19','2014-01-27 09:07:41','2009-04-22 05:38:17'),(63,'Axel Barrows','1989-11-09','2011-08-23 22:18:50','1999-09-12 14:03:03'),(64,'Ashley Schaefer IV','2004-06-02','1984-10-31 07:09:40','1990-02-14 13:50:17'),(65,'Aida Crist','1991-12-08','1992-03-30 01:24:57','1996-07-21 17:40:26'),(66,'Madilyn Schowalter DDS','1981-07-06','1984-09-30 02:00:27','1970-07-08 03:44:37'),(67,'Sonya Kertzmann Sr.','1974-10-08','1996-07-11 17:02:05','1981-08-11 14:48:09'),(68,'Keyon Frami','1988-09-12','2020-08-29 23:46:10','1993-05-22 19:32:12'),(69,'Prof. Alphonso Schmitt Sr.','1976-12-05','1989-01-31 19:09:55','2002-01-15 10:25:48'),(70,'Dr. Maegan Tillman','1981-07-31','2008-08-21 02:07:23','2005-12-13 19:35:35'),(71,'Dr. Marc Brakus III','1984-06-24','2017-02-08 20:59:06','1977-02-25 19:56:00'),(72,'Mireya Mayert','2019-06-07','1973-08-31 04:51:12','1980-07-16 07:25:52'),(73,'Mr. Darren Buckridge V','1998-01-17','2019-06-15 16:49:03','2002-05-02 20:42:15'),(74,'Alvera Macejkovic II','2012-10-20','1985-06-14 18:09:52','1970-01-16 07:33:37'),(75,'Finn O\'Hara','1989-07-06','1970-07-15 11:59:37','2012-07-21 14:08:17'),(76,'Dr. Oswaldo Shields MD','2004-01-07','2011-08-14 09:19:34','2010-03-27 17:45:32'),(77,'Amy Sanford Jr.','1993-05-31','1975-01-20 00:34:58','1971-01-30 17:31:22'),(78,'Saige Dare','2015-01-13','2008-02-27 04:19:25','1992-02-09 02:33:35'),(79,'Mr. Eduardo Konopelski','1982-01-18','1975-09-25 07:49:56','2019-05-16 15:41:16'),(80,'Prof. Theodore Mayer','2019-11-28','1971-05-17 04:47:05','2011-12-20 05:20:29'),(81,'Antwon Kuhic','2000-04-01','1972-08-29 16:25:29','2006-05-24 03:42:38'),(82,'Vicenta O\'Keefe','2000-11-09','1987-12-12 11:16:13','2013-02-02 23:45:40'),(83,'Kathleen Strosin','2011-06-19','2003-08-11 01:17:12','1989-02-22 21:14:55'),(84,'Tyrel Homenick','1987-08-10','1970-06-29 18:18:34','2003-04-15 13:10:37'),(85,'Dannie Gusikowski','2015-06-23','1990-03-30 05:34:12','1993-11-02 08:42:58'),(86,'Harvey Kiehn PhD','1978-08-05','2003-03-04 17:15:15','1983-09-10 07:55:59'),(87,'Elvie O\'Connell','1978-01-04','2014-12-23 03:30:19','1980-01-12 15:06:01'),(88,'Lulu Kutch','2000-11-05','2001-01-20 07:41:02','2015-03-21 00:18:31'),(89,'Catherine Hauck','2008-11-20','2014-02-01 16:34:45','1981-08-02 08:07:23'),(90,'Alec Christiansen','2019-08-22','1987-10-30 06:45:14','2013-02-14 20:21:38'),(91,'Annamae Hand','2005-06-17','2016-01-21 03:17:03','1994-07-31 21:07:36'),(92,'Elyse Windler','2009-07-17','1999-08-31 01:48:50','2017-11-16 05:11:34'),(93,'Yasmine Parisian','1981-06-27','1988-05-25 14:18:19','1988-03-10 23:31:38'),(94,'Mariana Weissnat V','1989-02-07','1999-06-01 07:20:21','1978-03-20 16:13:09'),(95,'Lane Osinski','1976-11-11','2009-03-04 00:24:14','2005-07-16 03:48:23'),(96,'Prof. Ara Kuhlman Sr.','2012-08-29','1998-11-08 10:54:57','1997-10-17 04:31:25'),(97,'Gust Moore Sr.','2000-03-26','1997-01-17 01:07:20','1999-09-28 10:46:59'),(98,'Dr. Salma Volkman I','1996-02-11','2013-11-05 00:32:28','1998-06-17 19:00:32'),(99,'Payton Kunde DDS','2020-02-20','2011-02-19 19:10:20','2017-09-22 13:17:11'),(100,'Bradley Tremblay','1988-10-29','1988-03-14 22:46:47','1980-08-21 22:04:51');
/*!40000 ALTER TABLE `users` ENABLE KEYS */;
UNLOCK TABLES;
/*!40103 SET TIME_ZONE=@OLD_TIME_ZONE */;

/*!40101 SET SQL_MODE=@OLD_SQL_MODE */;
/*!40014 SET FOREIGN_KEY_CHECKS=@OLD_FOREIGN_KEY_CHECKS */;
/*!40014 SET UNIQUE_CHECKS=@OLD_UNIQUE_CHECKS */;
/*!40101 SET CHARACTER_SET_CLIENT=@OLD_CHARACTER_SET_CLIENT */;
/*!40101 SET CHARACTER_SET_RESULTS=@OLD_CHARACTER_SET_RESULTS */;
/*!40101 SET COLLATION_CONNECTION=@OLD_COLLATION_CONNECTION */;
/*!40111 SET SQL_NOTES=@OLD_SQL_NOTES */;

-- Dump completed on 2021-03-14 12:37:55
